File,Type,Name,Is Hardcoded/Stub,Cell Index,Docstring/Purpose
QuantuMetric_Sim0_000_AutoPOiET_Parity_Orchestrator.ipynb,Class,QuantuMetricTranspiler,False,2,Translates linguistic syntax into physical data-molecules.
QuantuMetric_Sim0_000_AutoPOiET_Parity_Orchestrator.ipynb,Class,MonolithicCongruenceEngine,False,2,Executes the 13-Zero Autopoietic Mechanics and Prime Anchoring.
QuantuMetric_Sim0_000_AutoPOiET_Parity_Orchestrator.ipynb,Class,AutopoieticOrchestrator,False,2,"Manages the full execution layer, A2A routing, and Sessionary Autosaves."
QuantuMetric_Sim0_000_AutoPOiET_Parity_Orchestrator.ipynb,Class,AutoTelemetryArchitect,False,4,"Automates reporting, indexing, and cross-referencing for the QuantuMetric Engine."
QuantuMetric_Sim0_000_AutoPOiET_Parity_Orchestrator.ipynb,Class,AutoTelemetryArchitect,False,5,"Automates reporting, indexing, and cross-referencing for the QuantuMetric Engine."
QuantuMetric_Sim0_000_AutoPOiET_Parity_Orchestrator.ipynb,Class,EngineDiagnostics,False,7,Post-emptive debugging engine to analyze logic-shear and thermodynamic waste.
QuantuMetric_Sim0_000_AutoPOiET_Parity_Orchestrator.ipynb,Class,ModularOrchestrator,False,7,Advanced Orchestrator with Pre-emptive and Post-emptive logic cycles.
QuantuMetric_Sim0_000_AutoPOiET_Parity_Orchestrator.ipynb,Class,AutonomicBotAgent,False,11,Autonomous agent responsible for monitoring telemetry and applying real-time damping.
QuantuMetric_Sim0_000_AutoPOiET_Parity_Orchestrator.ipynb,Class,FullAutonomyEngine,False,11,Extended Orchestrator with integrated Bot-Agent feedback loops.
QuantuMetric_Sim0_000_AutoPOiET_Parity_Orchestrator.ipynb,Class,CoordinateShiftEngine,False,14,Advanced engine capable of shifting its prime anchor lattice dynamically.
QuantuMetric_Sim0_000_AutoPOiET_Parity_Orchestrator.ipynb,Class,CoordinateShiftEngine,False,17,Advanced engine capable of shifting its prime anchor lattice dynamically.
QuantuMetric_Sim0_000_AutoPOiET_Parity_Orchestrator.ipynb,Class,MicroMacroTraceEngine,False,20,Audits prompt/response pairs against recorded telemetry to ensure zero-loss provenance.
QuantuMetric_Sim0_000_AutoPOiET_Parity_Orchestrator.ipynb,Class,AutopoieticProjectionEngine,False,23,Projects future capability growth based on current vibronic and thermal states.
QuantuMetric_Sim0_000_AutoPOiET_Parity_Orchestrator.ipynb,Class,SelfEvolvingProvenance,False,23,A self-actualizing provenance function that iterates on its own metadata based on engine performance.
QuantuMetric_Sim0_000_AutoPOiET_Parity_Orchestrator.ipynb,Class,MidInstanceAnalytic,False,27,Monitors mid-instance findings and anomalies for prescriptive correction.
QuantuMetric_Sim0_000_AutoPOiET_Parity_Orchestrator.ipynb,Class,PreemptiveExpectationEngine,False,27,Conceives functional expectations before execution to drive autopoietic evolution.
QuantuMetric_Sim0_000_AutoPOiET_Parity_Orchestrator.ipynb,Class,SelfConceptionEngine,False,27,Final Tier Engine: Integrated self-conception and multi-specializing analytics.
QuantuMetric_Sim0_000_AutoPOiET_Parity_Orchestrator.ipynb,Class,MidInstanceAnalytic,False,29,Monitors mid-instance findings and anomalies for prescriptive correction.
QuantuMetric_Sim0_000_AutoPOiET_Parity_Orchestrator.ipynb,Class,PreemptiveExpectationEngine,False,29,Conceives functional expectations before execution to drive autopoietic evolution.
QuantuMetric_Sim0_000_AutoPOiET_Parity_Orchestrator.ipynb,Class,SelfConceptionEngine,False,29,Final Tier Engine: Integrated self-conception and multi-specializing analytics.
QuantuMetric_Sim0_000_AutoPOiET_Parity_Orchestrator.ipynb,Class,CoordinateShiftEngine,False,31,Advanced engine capable of shifting its prime anchor lattice dynamically.
QuantuMetric_Sim0_000_AutoPOiET_Parity_Orchestrator.ipynb,Class,CoordinateShiftEngine,False,34,Refactored engine to optimize efficiency during high-drift states.
QuantuMetric_Sim0_000_AutoPOiET_Parity_Orchestrator.ipynb,Class,AutonomicBotAgent,False,37,Autonomous agent responsible for monitoring telemetry and applying real-time damping.
QuantuMetric_Sim0_000_AutoPOiET_Parity_Orchestrator.ipynb,Class,FullAutonomyEngine,False,37,
QuantuMetric_Sim0_000_AutoPOiET_Parity_Orchestrator.ipynb,Function,__init__,False,2,
QuantuMetric_Sim0_000_AutoPOiET_Parity_Orchestrator.ipynb,Function,analyze_molecule,False,2,
QuantuMetric_Sim0_000_AutoPOiET_Parity_Orchestrator.ipynb,Function,__init__,False,2,
QuantuMetric_Sim0_000_AutoPOiET_Parity_Orchestrator.ipynb,Function,step_rotational_cycle,False,2,
QuantuMetric_Sim0_000_AutoPOiET_Parity_Orchestrator.ipynb,Function,__init__,False,2,
QuantuMetric_Sim0_000_AutoPOiET_Parity_Orchestrator.ipynb,Function,setup_directories,False,2,
QuantuMetric_Sim0_000_AutoPOiET_Parity_Orchestrator.ipynb,Function,execute_and_log,False,2,
QuantuMetric_Sim0_000_AutoPOiET_Parity_Orchestrator.ipynb,Function,autosave_session,False,2,
QuantuMetric_Sim0_000_AutoPOiET_Parity_Orchestrator.ipynb,Function,update_telemetry_matrix,False,3,Automates the injection of telemetry into the markdown report.
QuantuMetric_Sim0_000_AutoPOiET_Parity_Orchestrator.ipynb,Function,__init__,False,4,
QuantuMetric_Sim0_000_AutoPOiET_Parity_Orchestrator.ipynb,Function,capture_and_index,False,4,Generates a telemetry row and links it to a logical abstraction.
QuantuMetric_Sim0_000_AutoPOiET_Parity_Orchestrator.ipynb,Function,generate_formal_ledger,False,4,Outputs a complete markdown ledger of all indexed deployments.
QuantuMetric_Sim0_000_AutoPOiET_Parity_Orchestrator.ipynb,Function,get_interactive_source,False,5,Robustly retrieves source code for interactive objects in Colab.
QuantuMetric_Sim0_000_AutoPOiET_Parity_Orchestrator.ipynb,Function,__init__,False,5,
QuantuMetric_Sim0_000_AutoPOiET_Parity_Orchestrator.ipynb,Function,capture_and_index,False,5,
QuantuMetric_Sim0_000_AutoPOiET_Parity_Orchestrator.ipynb,Function,generate_formal_ledger,False,5,
QuantuMetric_Sim0_000_AutoPOiET_Parity_Orchestrator.ipynb,Function,debug_payload,False,7,
QuantuMetric_Sim0_000_AutoPOiET_Parity_Orchestrator.ipynb,Function,__init__,False,7,
QuantuMetric_Sim0_000_AutoPOiET_Parity_Orchestrator.ipynb,Function,modular_execute,False,7,
QuantuMetric_Sim0_000_AutoPOiET_Parity_Orchestrator.ipynb,Function,__init__,False,11,
QuantuMetric_Sim0_000_AutoPOiET_Parity_Orchestrator.ipynb,Function,audit_and_stabilize,False,11,
QuantuMetric_Sim0_000_AutoPOiET_Parity_Orchestrator.ipynb,Function,__init__,False,11,
QuantuMetric_Sim0_000_AutoPOiET_Parity_Orchestrator.ipynb,Function,autonomous_rotation,False,11,
QuantuMetric_Sim0_000_AutoPOiET_Parity_Orchestrator.ipynb,Function,__init__,False,14,
QuantuMetric_Sim0_000_AutoPOiET_Parity_Orchestrator.ipynb,Function,rotate_coordinate_anchor,False,14,
QuantuMetric_Sim0_000_AutoPOiET_Parity_Orchestrator.ipynb,Function,adaptive_execution,False,14,
QuantuMetric_Sim0_000_AutoPOiET_Parity_Orchestrator.ipynb,Function,__init__,False,17,
QuantuMetric_Sim0_000_AutoPOiET_Parity_Orchestrator.ipynb,Function,rotate_coordinate_anchor,False,17,
QuantuMetric_Sim0_000_AutoPOiET_Parity_Orchestrator.ipynb,Function,adaptive_execution,False,17,
QuantuMetric_Sim0_000_AutoPOiET_Parity_Orchestrator.ipynb,Function,__init__,False,20,
QuantuMetric_Sim0_000_AutoPOiET_Parity_Orchestrator.ipynb,Function,perform_logic_audit,False,20,Compares history against the architect's index to find un-captured logic.
QuantuMetric_Sim0_000_AutoPOiET_Parity_Orchestrator.ipynb,Function,__init__,False,23,
QuantuMetric_Sim0_000_AutoPOiET_Parity_Orchestrator.ipynb,Function,project_capabilities,False,23,
QuantuMetric_Sim0_000_AutoPOiET_Parity_Orchestrator.ipynb,Function,__init__,False,23,
QuantuMetric_Sim0_000_AutoPOiET_Parity_Orchestrator.ipynb,Function,evolve_provenance,False,23,
QuantuMetric_Sim0_000_AutoPOiET_Parity_Orchestrator.ipynb,Function,visualize_projections,False,25,
QuantuMetric_Sim0_000_AutoPOiET_Parity_Orchestrator.ipynb,Function,evaluate_anomalies,False,27,
QuantuMetric_Sim0_000_AutoPOiET_Parity_Orchestrator.ipynb,Function,conceive_expectation,False,27,
QuantuMetric_Sim0_000_AutoPOiET_Parity_Orchestrator.ipynb,Function,__init__,False,27,
QuantuMetric_Sim0_000_AutoPOiET_Parity_Orchestrator.ipynb,Function,conceive_and_actualize,False,27,
QuantuMetric_Sim0_000_AutoPOiET_Parity_Orchestrator.ipynb,Function,evaluate_anomalies,False,29,
QuantuMetric_Sim0_000_AutoPOiET_Parity_Orchestrator.ipynb,Function,conceive_expectation,False,29,
QuantuMetric_Sim0_000_AutoPOiET_Parity_Orchestrator.ipynb,Function,__init__,False,29,
QuantuMetric_Sim0_000_AutoPOiET_Parity_Orchestrator.ipynb,Function,conceive_and_actualize,False,29,
QuantuMetric_Sim0_000_AutoPOiET_Parity_Orchestrator.ipynb,Function,__init__,False,31,
QuantuMetric_Sim0_000_AutoPOiET_Parity_Orchestrator.ipynb,Function,rotate_coordinate_anchor,False,31,
QuantuMetric_Sim0_000_AutoPOiET_Parity_Orchestrator.ipynb,Function,adaptive_execution,False,31,
QuantuMetric_Sim0_000_AutoPOiET_Parity_Orchestrator.ipynb,Function,__init__,False,34,
QuantuMetric_Sim0_000_AutoPOiET_Parity_Orchestrator.ipynb,Function,rotate_coordinate_anchor,False,34,
QuantuMetric_Sim0_000_AutoPOiET_Parity_Orchestrator.ipynb,Function,adaptive_execution,False,34,
QuantuMetric_Sim0_000_AutoPOiET_Parity_Orchestrator.ipynb,Function,__init__,False,37,
QuantuMetric_Sim0_000_AutoPOiET_Parity_Orchestrator.ipynb,Function,audit_and_stabilize,False,37,
QuantuMetric_Sim0_000_AutoPOiET_Parity_Orchestrator.ipynb,Function,__init__,False,37,
QuantuMetric_Sim0_000_AutoPOiET_Parity_Orchestrator.ipynb,Function,autonomous_rotation,False,37,
Null_approach_Collapse.ipynb,Class,ZeroPointThermalLockState,False,2,
Null_approach_Collapse.ipynb,Class,SovereignZeroPointThermalEngine,False,2,"Simulates multi-spectral chiral scattering across non-contact bufferspaces,
tracking non-conservative energy exhaust until the harmonic thermal sponge
achieves an absolute 0.00K thermal vapor-freeze lock."
Null_approach_Collapse.ipynb,Function,__init__,False,2,
Null_approach_Collapse.ipynb,Function,evaluate_thermal_freeze_lock,False,2,
5_Axial_Tensors_for_4D_Canvas.ipynb,Class,PhysicalFieldState,False,2,Represents the multi-axis physical field relief metrics derived from substrate tensors.
5_Axial_Tensors_for_4D_Canvas.ipynb,Class,PhysicalFieldReliefEngine,False,2,"5-Axis Physical Field Relief & A2UI CAD Constructor Engine.

Maps high-dimensional semantic and Riemannian manifold states into tangible
magnetic, electric, thermal, optical, and toroidal chiral parameters."
5_Axial_Tensors_for_4D_Canvas.ipynb,Function,__init__,False,2,
5_Axial_Tensors_for_4D_Canvas.ipynb,Function,compute_landauer_floor,False,2,Computes minimum Landauer bit-erasure dissipation: E_min = k_B * T * ln(2).
5_Axial_Tensors_for_4D_Canvas.ipynb,Function,evaluate_field_relief,False,2,Translates a 51-D or 127-D coordinate manifold tensor into a unified 5-axis physical relief state.
5_Axial_Tensors_for_4D_Canvas.ipynb,Function,generate_svg_relief_filter,False,2,Generates 5-engine SVG Diffuse Illumination markup calibrated to the physical field parameters.
5_Axial_Tensors_for_4D_Canvas.ipynb,Function,generate_css_inversional_style,False,2,Generates CSS 3-layer inversional shadows and field glow.
MMapping_Hexadecimal_parity_addressing_into_modulo6_frame_ternary_by_parity_of_binary_execution_.ipynb,Class,BilateralMemoryEngine,False,2,"Manages fixed-allocation shared memory buffers and dual-pointer
median convergence without dynamic heap growth."
MMapping_Hexadecimal_parity_addressing_into_modulo6_frame_ternary_by_parity_of_binary_execution_.ipynb,Function,__init__,False,2,
MMapping_Hexadecimal_parity_addressing_into_modulo6_frame_ternary_by_parity_of_binary_execution_.ipynb,Function,close,False,2,
MMapping_Hexadecimal_parity_addressing_into_modulo6_frame_ternary_by_parity_of_binary_execution_.ipynb,Function,encode_frame,False,2,"Encodes a 6-byte deterministic modulo-6 frame:
[0] Header (0xAA)
[1-2] Sequence Number (uint16)
[3] Payload Data (uint8)
[4] Modulo-6 Tag (seq % 6)
[5] Parity Checksum (XOR parity across bytes 0..4)"
MMapping_Hexadecimal_parity_addressing_into_modulo6_frame_ternary_by_parity_of_binary_execution_.ipynb,Function,verify_frame,False,2,"Evaluates frame integrity using ternary logic:
Returns (Ternary_State, Seq_Num, Payload)"
MMapping_Hexadecimal_parity_addressing_into_modulo6_frame_ternary_by_parity_of_binary_execution_.ipynb,Function,stream_write_bilateral,False,2,"Writes stream simultaneously to Forward Channel A (0 -> Mid)
and Inverted Mirror Channel B (End -> Mid)."
MMapping_Hexadecimal_parity_addressing_into_modulo6_frame_ternary_by_parity_of_binary_execution_.ipynb,Function,execute_dual_convergence_reconciliation,False,2,"Executes dual parallel reconciliation from opposing ends toward the median center.
Zero dynamic memory allocation: streams record evaluations directly."
Gateway_Deployment_of_MultiFrameworks.ipynb,Class,TokenReductionEngine,False,2,
Gateway_Deployment_of_MultiFrameworks.ipynb,Class,PhysicalEmbossingSuite,False,2,
Gateway_Deployment_of_MultiFrameworks.ipynb,Class,A2UIClient,False,5,
Gateway_Deployment_of_MultiFrameworks.ipynb,Class,FrameworkTier,False,15,
Gateway_Deployment_of_MultiFrameworks.ipynb,Class,MonetizationManager,False,15,Handles a la carte framework activation and multi-framework bundling.
Gateway_Deployment_of_MultiFrameworks.ipynb,Class,FrameworkOrchestrator,False,23,"Universal I/O Interfacing for A2UI, NAMI, OmniSphere, and GHOST-OS.
Provides standardized endpoint mapping and internal resource locking."
Gateway_Deployment_of_MultiFrameworks.ipynb,Function,init_db,False,2,
Gateway_Deployment_of_MultiFrameworks.ipynb,Function,verify_tenant_api_key,False,2,
Gateway_Deployment_of_MultiFrameworks.ipynb,Function,record_usage_and_meter,False,2,
Gateway_Deployment_of_MultiFrameworks.ipynb,Function,process_pointer_telemetry,False,2,
Gateway_Deployment_of_MultiFrameworks.ipynb,Function,high_tier_vector_compute,False,2,
Gateway_Deployment_of_MultiFrameworks.ipynb,Function,omnisphere_silo_sync,False,2,
Gateway_Deployment_of_MultiFrameworks.ipynb,Function,__init__,False,2,
Gateway_Deployment_of_MultiFrameworks.ipynb,Function,evaluate_pointer,False,2,
Gateway_Deployment_of_MultiFrameworks.ipynb,Function,compute_all_modalities,False,2,
Gateway_Deployment_of_MultiFrameworks.ipynb,Function,run_server,False,2,
Gateway_Deployment_of_MultiFrameworks.ipynb,Function,__init__,False,5,
Gateway_Deployment_of_MultiFrameworks.ipynb,Function,scrub_notebook,False,5,Compresses Jupyter/Colab notebook payloads prior to sending to LLMs.
Gateway_Deployment_of_MultiFrameworks.ipynb,Function,process_pointer,False,5,Gates and embosses UI pointer inputs.
Gateway_Deployment_of_MultiFrameworks.ipynb,Function,get_my_usage,False,5,Retrieves total tokens saved and dollar value savings.
Gateway_Deployment_of_MultiFrameworks.ipynb,Function,test_sdk_telemetry,False,7,
Gateway_Deployment_of_MultiFrameworks.ipynb,Function,high_tier_vector_compute,False,9,"Actualizes the Alètheia-NAMI Substrate logic.
Tier: Enterprise Quant ($$$)"
Gateway_Deployment_of_MultiFrameworks.ipynb,Function,omnisphere_silo_sync,False,9,"Actualizes the OmniSphere Silo Linker / MCP Bridge logic.
Tier: Enterprise Quant ($$$)"
Gateway_Deployment_of_MultiFrameworks.ipynb,Function,test_enterprise_hybrid_tier,False,11,
Gateway_Deployment_of_MultiFrameworks.ipynb,Function,__init__,False,15,
Gateway_Deployment_of_MultiFrameworks.ipynb,Function,purchase_framework,False,15,
Gateway_Deployment_of_MultiFrameworks.ipynb,Function,is_authorized,False,15,
Gateway_Deployment_of_MultiFrameworks.ipynb,Function,mount_alacarte_routes,False,17,"Orchestrates the mounting of individual framework endpoints
based on purchased entitlements."
Gateway_Deployment_of_MultiFrameworks.ipynb,Function,get_catalog,False,17,
Gateway_Deployment_of_MultiFrameworks.ipynb,Function,purchase_access,False,17,
Gateway_Deployment_of_MultiFrameworks.ipynb,Function,mount_alacarte_routes,False,19,"Orchestrates the mounting of individual framework endpoints
based on purchased entitlements."
Gateway_Deployment_of_MultiFrameworks.ipynb,Function,get_catalog,False,19,
Gateway_Deployment_of_MultiFrameworks.ipynb,Function,purchase_access,False,19,
Gateway_Deployment_of_MultiFrameworks.ipynb,Function,generate_dockerfile,False,21,
Gateway_Deployment_of_MultiFrameworks.ipynb,Function,mount_universal_ui_ux,False,23,
Gateway_Deployment_of_MultiFrameworks.ipynb,Function,__init__,False,23,
Gateway_Deployment_of_MultiFrameworks.ipynb,Function,universal_input_handler,False,23,Plug-and-play interface for any framework payload.
Gateway_Deployment_of_MultiFrameworks.ipynb,Function,get_system_vitals,False,23,Universal Monitoring & Logging UI Hook
Attach_the_Chladni_acoustic_solver_directly_to_th_.ipynb,Class,AcousticProfile,False,2,
Attach_the_Chladni_acoustic_solver_directly_to_th_.ipynb,Class,ChladniAcousticSolver,False,2,
Attach_the_Chladni_acoustic_solver_directly_to_th_.ipynb,Function,__init__,False,2,
Attach_the_Chladni_acoustic_solver_directly_to_th_.ipynb,Function,solve_phoneme_morphology,False,2,
interactive_two_mass_model_glottal_pulse_source_to_synthesize_and_play_audible_vowel_speech_directly_through_this_2_5D_BEM_Webster_acoustic_filter_.ipynb,Class,TwoMassParameters,False,2,
interactive_two_mass_model_glottal_pulse_source_to_synthesize_and_play_audible_vowel_speech_directly_through_this_2_5D_BEM_Webster_acoustic_filter_.ipynb,Class,TwoMassGlottalSource,False,2,
interactive_two_mass_model_glottal_pulse_source_to_synthesize_and_play_audible_vowel_speech_directly_through_this_2_5D_BEM_Webster_acoustic_filter_.ipynb,Class,BEMVowelAcousticFilter,False,2,Couples glottal flow with BEM-Webster extracted formant resonances.
interactive_two_mass_model_glottal_pulse_source_to_synthesize_and_play_audible_vowel_speech_directly_through_this_2_5D_BEM_Webster_acoustic_filter_.ipynb,Function,synthesize_vowel_wav,False,2,
interactive_two_mass_model_glottal_pulse_source_to_synthesize_and_play_audible_vowel_speech_directly_through_this_2_5D_BEM_Webster_acoustic_filter_.ipynb,Function,__init__,False,2,
interactive_two_mass_model_glottal_pulse_source_to_synthesize_and_play_audible_vowel_speech_directly_through_this_2_5D_BEM_Webster_acoustic_filter_.ipynb,Function,_derivatives,False,2,
interactive_two_mass_model_glottal_pulse_source_to_synthesize_and_play_audible_vowel_speech_directly_through_this_2_5D_BEM_Webster_acoustic_filter_.ipynb,Function,generate_flow_sequence,False,2,Runs RK4 time integration to generate glottal flow velocity U_g(t).
interactive_two_mass_model_glottal_pulse_source_to_synthesize_and_play_audible_vowel_speech_directly_through_this_2_5D_BEM_Webster_acoustic_filter_.ipynb,Function,__init__,False,2,
interactive_two_mass_model_glottal_pulse_source_to_synthesize_and_play_audible_vowel_speech_directly_through_this_2_5D_BEM_Webster_acoustic_filter_.ipynb,Function,filter_vocal_tract,False,2,
Code_to_Colab_for_full_Intelligence_formals_to_Co_.ipynb,Class,GFEngine,False,2,
Code_to_Colab_for_full_Intelligence_formals_to_Co_.ipynb,Class,AxiomaticReport,False,20,
Code_to_Colab_for_full_Intelligence_formals_to_Co_.ipynb,Function,run_experiment_1,False,2,
Code_to_Colab_for_full_Intelligence_formals_to_Co_.ipynb,Function,run_experiment_2,False,2,"Refactored to test 'Motion Capacitance' vs 'Resistances of Motion'.
- p=2: The Resistance State (Residue 3).
- p>2: The Motion States (Residues {1, 4, 7}).
Determines persistence to the equationary Natural Law value."
Code_to_Colab_for_full_Intelligence_formals_to_Co_.ipynb,Function,run_experiment_3,False,2,
Code_to_Colab_for_full_Intelligence_formals_to_Co_.ipynb,Function,run_experiment_4,False,2,
Code_to_Colab_for_full_Intelligence_formals_to_Co_.ipynb,Function,run_experiment_5,False,2,
Code_to_Colab_for_full_Intelligence_formals_to_Co_.ipynb,Function,run_experiment_6,False,2,
Code_to_Colab_for_full_Intelligence_formals_to_Co_.ipynb,Function,run_experiment_7,False,2,
Code_to_Colab_for_full_Intelligence_formals_to_Co_.ipynb,Function,run_experiment_8,False,2,
Code_to_Colab_for_full_Intelligence_formals_to_Co_.ipynb,Function,f,False,2,
Code_to_Colab_for_full_Intelligence_formals_to_Co_.ipynb,Function,i,False,2,
Code_to_Colab_for_full_Intelligence_formals_to_Co_.ipynb,Function,run_triple_iteration,False,3,
Code_to_Colab_for_full_Intelligence_formals_to_Co_.ipynb,Function,analyze_mersenne_residues,False,9,
Code_to_Colab_for_full_Intelligence_formals_to_Co_.ipynb,Function,resolve_fine_structure_persistence,False,16,
Code_to_Colab_for_full_Intelligence_formals_to_Co_.ipynb,Function,header,False,20,
Code_to_Colab_for_full_Intelligence_formals_to_Co_.ipynb,Function,footer,False,20,
Repurposer_of_Transparency_Reverse_Whiteboard_Engineering.ipynb,Class,HarmonicManifold,False,2,Defines the parameters for digital-analog merging through resonance.
Repurposer_of_Transparency_Reverse_Whiteboard_Engineering.ipynb,Class,TemporalManifold,False,7,Maintains a temporal buffer to calculate state velocity and predict instability.
Repurposer_of_Transparency_Reverse_Whiteboard_Engineering.ipynb,Class,TemporalManifold,False,8,Maintains a temporal buffer to calculate state velocity and predict instability.
Repurposer_of_Transparency_Reverse_Whiteboard_Engineering.ipynb,Class,GhostSpawn,False,10,"Represents a unique point of occupancy (spawn) within the GHOST-OS swarm.
Each spawn evolves its own 'Neural Identity' based on local environmental deltas."
Repurposer_of_Transparency_Reverse_Whiteboard_Engineering.ipynb,Class,SwarmConstructor,False,10,Orchestrates the multi-point asynchronous IDE environment.
Repurposer_of_Transparency_Reverse_Whiteboard_Engineering.ipynb,Class,TelemetryCache,False,160,Caches high-fidelity input for analysis and token reduction testing.
Repurposer_of_Transparency_Reverse_Whiteboard_Engineering.ipynb,Class,CoreSeedConstruct,False,187,"Centralized architecture for variable Emboss mapping and
Modular accessory management."
Repurposer_of_Transparency_Reverse_Whiteboard_Engineering.ipynb,Class,GhostOSCore,False,193,"The Zero-Weight Paradigm: GhostOS.
Derived from negative space displacement across a 3-layer inversional manifold."
Repurposer_of_Transparency_Reverse_Whiteboard_Engineering.ipynb,Function,apply_ghost_manifold_styles,False,2,"Initializes the GHOST-OS shadow framework.
Establishes the 3-layer CSS architecture for Topographical Inversion."
Repurposer_of_Transparency_Reverse_Whiteboard_Engineering.ipynb,Function,__init__,False,2,
Repurposer_of_Transparency_Reverse_Whiteboard_Engineering.ipynb,Function,calculate_resonance_delta,False,2,Calculates the resonance required to align digital state to analog force.
Repurposer_of_Transparency_Reverse_Whiteboard_Engineering.ipynb,Function,manifest_emotive_delta,False,4,"Translates real-time CSS manifold variables and high-fidelity sensory input
into biomechanical state deltas."
Repurposer_of_Transparency_Reverse_Whiteboard_Engineering.ipynb,Function,calculate_biostatic_health,False,4,
Repurposer_of_Transparency_Reverse_Whiteboard_Engineering.ipynb,Function,update_emotive_force,False,5,"Python callback registered to the JS bridge.
Updates the system state based on live telemetry."
Repurposer_of_Transparency_Reverse_Whiteboard_Engineering.ipynb,Function,activate_live_telemetry_stream,False,6,"Injects the persistent JS observer that watches for --ghost-pressure changes
and routes them to the Python kernel."
Repurposer_of_Transparency_Reverse_Whiteboard_Engineering.ipynb,Function,__init__,False,7,
Repurposer_of_Transparency_Reverse_Whiteboard_Engineering.ipynb,Function,ingest_temporal_state,False,7,
Repurposer_of_Transparency_Reverse_Whiteboard_Engineering.ipynb,Function,__init__,False,8,
Repurposer_of_Transparency_Reverse_Whiteboard_Engineering.ipynb,Function,ingest_temporal_state,False,8,
Repurposer_of_Transparency_Reverse_Whiteboard_Engineering.ipynb,Function,__init__,False,10,
Repurposer_of_Transparency_Reverse_Whiteboard_Engineering.ipynb,Function,process_neural_delta,False,10,Bidirectional network processing: routes analog force to digital state.
Repurposer_of_Transparency_Reverse_Whiteboard_Engineering.ipynb,Function,__init__,False,10,
Repurposer_of_Transparency_Reverse_Whiteboard_Engineering.ipynb,Function,deploy_swarm,False,10,
Repurposer_of_Transparency_Reverse_Whiteboard_Engineering.ipynb,Function,activate_ide_network,False,10,Initializes the asynchronous multi-point IDE loop.
Repurposer_of_Transparency_Reverse_Whiteboard_Engineering.ipynb,Function,route_swarm_telemetry,False,12,"Routes incoming telemetry to the most 'resonant' spawn point.
Implements the non-sequential neural bidirectional logic."
Repurposer_of_Transparency_Reverse_Whiteboard_Engineering.ipynb,Function,persist_spawn_evolution,False,14,Serializes the unique neural identity and pathway of a spawn to the stasis layer.
Repurposer_of_Transparency_Reverse_Whiteboard_Engineering.ipynb,Function,reconcile_swarm_identities,False,14,"Inter-spawn merge protocol. Creates a new 'Hybrid' resonance while
preserving historical neural pathways."
Repurposer_of_Transparency_Reverse_Whiteboard_Engineering.ipynb,Function,render_swarm_dashboard,False,16,
Repurposer_of_Transparency_Reverse_Whiteboard_Engineering.ipynb,Function,persist_spawn_evolution,False,18,Serializes the unique neural identity and pathway of a spawn to the stasis layer.
Repurposer_of_Transparency_Reverse_Whiteboard_Engineering.ipynb,Function,reconcile_swarm_identities,False,18,"Inter-spawn merge protocol. Creates a new 'Hybrid' resonance while
preserving historical neural pathways."
Repurposer_of_Transparency_Reverse_Whiteboard_Engineering.ipynb,Function,render_swarm_dashboard,False,20,
Repurposer_of_Transparency_Reverse_Whiteboard_Engineering.ipynb,Function,persist_spawn_evolution,False,22,Serializes the unique neural identity and pathway of a spawn to the stasis layer.
Repurposer_of_Transparency_Reverse_Whiteboard_Engineering.ipynb,Function,reconcile_swarm_identities,False,22,"Inter-spawn merge protocol. Creates a new 'Hybrid' resonance while
preserving the historical neural pathways of both origins."
Repurposer_of_Transparency_Reverse_Whiteboard_Engineering.ipynb,Function,render_swarm_dashboard,False,24,Injects a dynamic UI dashboard into the Colab output to visualize spawn activity.
Repurposer_of_Transparency_Reverse_Whiteboard_Engineering.ipynb,Function,execute_self_healing_sequence,False,25,Triggers an autonomous state correction when unstable metrics are detected.
Repurposer_of_Transparency_Reverse_Whiteboard_Engineering.ipynb,Function,manifest_modal_sensory_v2,False,25,Expanded modal sensory logic including temporal metrics and autonomous triggers.
Repurposer_of_Transparency_Reverse_Whiteboard_Engineering.ipynb,Function,execute_primal_automation,False,28,
Repurposer_of_Transparency_Reverse_Whiteboard_Engineering.ipynb,Function,log_user_prompt,False,29,Appends the user prompt to a markdown log file for posterity.
Repurposer_of_Transparency_Reverse_Whiteboard_Engineering.ipynb,Function,log_kernel_activity,False,30,Records a snapshot of the current file system and kernel state to prompt_log.md.
Repurposer_of_Transparency_Reverse_Whiteboard_Engineering.ipynb,Function,execute_primal_automation_extended,False,32,
Repurposer_of_Transparency_Reverse_Whiteboard_Engineering.ipynb,Function,carve_point_of_occupancy,False,34,"Manifests intent as a spatial delta (displacement) rather than additive data.
Fulfills the mandate of absolute conservation within the 1:1 null manifold."
Repurposer_of_Transparency_Reverse_Whiteboard_Engineering.ipynb,Function,establish_harmonic_lock,False,36,"Locks the established point into the manifold grid.
Calculates 'Zero-Weight Tension' to prevent semantic drift."
Repurposer_of_Transparency_Reverse_Whiteboard_Engineering.ipynb,Function,stabilize_manifold_vacuum,False,38,"Reinforces the zero-weight boundaries surrounding a locked point.
Validates that no additive 'digital ink' is seeping into the displacement."
Repurposer_of_Transparency_Reverse_Whiteboard_Engineering.ipynb,Function,calculate_structural_alignment,False,40,"Calculates the alignment vectors between the stabilized vacuum and the efficiency baseline.
Demonstrates how conformity (alignment) maintains the integrity of the manifold."
Repurposer_of_Transparency_Reverse_Whiteboard_Engineering.ipynb,Function,manifest_geometric_intent,False,42,"Maps the structural alignment to a visual mirror layer.
Uses light-cancellation (shadows) to manifest shape without data ink."
Repurposer_of_Transparency_Reverse_Whiteboard_Engineering.ipynb,Function,synthesize_conformity_gradient,False,44,"Calculates the gradient of conformity required to maintain structural stasis.
Ensures the manifold depth is refined to support 4D telemetry without drift."
Repurposer_of_Transparency_Reverse_Whiteboard_Engineering.ipynb,Function,inhabit_manifold_intent,False,46,"Maps specific creative intent to the synthesized conformity gradient.
Ensures the inhabitation is weightless and deterministically aligned."
Repurposer_of_Transparency_Reverse_Whiteboard_Engineering.ipynb,Function,process_diorama,False,63,Wrapper to use the integrated scroll-world knockout logic.
Repurposer_of_Transparency_Reverse_Whiteboard_Engineering.ipynb,Function,generate_telemetry_schema,False,149,
Repurposer_of_Transparency_Reverse_Whiteboard_Engineering.ipynb,Function,generate_embossing_css,False,150,
Repurposer_of_Transparency_Reverse_Whiteboard_Engineering.ipynb,Function,generate_telemetry_bridge,False,151,
Repurposer_of_Transparency_Reverse_Whiteboard_Engineering.ipynb,Function,inject_svg_filter_logic,False,152,
Repurposer_of_Transparency_Reverse_Whiteboard_Engineering.ipynb,Function,establish_topographical_styles,False,154,
Repurposer_of_Transparency_Reverse_Whiteboard_Engineering.ipynb,Function,generate_mapping_logic,False,155,
Repurposer_of_Transparency_Reverse_Whiteboard_Engineering.ipynb,Function,generate_calibration_constants,False,157,
Repurposer_of_Transparency_Reverse_Whiteboard_Engineering.ipynb,Function,generate_intelligence_bridge,False,158,
Repurposer_of_Transparency_Reverse_Whiteboard_Engineering.ipynb,Function,__init__,False,160,
Repurposer_of_Transparency_Reverse_Whiteboard_Engineering.ipynb,Function,ingest,False,160,
Repurposer_of_Transparency_Reverse_Whiteboard_Engineering.ipynb,Function,get_token_savings_report,False,160,
Repurposer_of_Transparency_Reverse_Whiteboard_Engineering.ipynb,Function,generate_token_reduction_script,False,161,"Generates the client-side logic to filter data before handshake transmission.
This is the core of the 95% savings mechanism."
Repurposer_of_Transparency_Reverse_Whiteboard_Engineering.ipynb,Function,simulate_drawing_session_optimized,False,162,"Simulates a high-fidelity drawing session applying the variance-based
token reduction logic to achieve maximum cost efficiency."
Repurposer_of_Transparency_Reverse_Whiteboard_Engineering.ipynb,Function,generate_text_embossing_logic,False,164,
Repurposer_of_Transparency_Reverse_Whiteboard_Engineering.ipynb,Function,run_text_savings_simulation,False,165,"Simulates a heavy document editing session.
Calculates how many 'text-tokens' are saved by mapping to
the topographical layer instead of standard text objects."
Repurposer_of_Transparency_Reverse_Whiteboard_Engineering.ipynb,Function,generate_arbitration_handshake,False,167,
Repurposer_of_Transparency_Reverse_Whiteboard_Engineering.ipynb,Function,run_final_integration_benchmark,False,168,
Repurposer_of_Transparency_Reverse_Whiteboard_Engineering.ipynb,Function,generate_ui_integration_logic,False,169,
Repurposer_of_Transparency_Reverse_Whiteboard_Engineering.ipynb,Function,generate_zero_weight_logic,False,171,
Repurposer_of_Transparency_Reverse_Whiteboard_Engineering.ipynb,Function,run_zero_weight_handshake,False,172,
Repurposer_of_Transparency_Reverse_Whiteboard_Engineering.ipynb,Function,bind_topographical_prompt,False,176,
Repurposer_of_Transparency_Reverse_Whiteboard_Engineering.ipynb,Function,run_integrity_sweep,False,185,
Repurposer_of_Transparency_Reverse_Whiteboard_Engineering.ipynb,Function,__init__,False,187,
Repurposer_of_Transparency_Reverse_Whiteboard_Engineering.ipynb,Function,bolt_on_accessory,False,187,Registers interchangeable modular code to change core functionality.
Repurposer_of_Transparency_Reverse_Whiteboard_Engineering.ipynb,Function,get_construct_state,False,187,
Repurposer_of_Transparency_Reverse_Whiteboard_Engineering.ipynb,Function,topographical_inversion_module,False,189,Bolt-on logic for high-fidelity topographical inversion.
Repurposer_of_Transparency_Reverse_Whiteboard_Engineering.ipynb,Function,scale_capability,False,191,Dramatically change functionality by updating core variable architecture.
Repurposer_of_Transparency_Reverse_Whiteboard_Engineering.ipynb,Function,__init__,False,193,
Repurposer_of_Transparency_Reverse_Whiteboard_Engineering.ipynb,Function,unlock_visibility,False,193,
Repurposer_of_Transparency_Reverse_Whiteboard_Engineering.ipynb,Function,construct_holodata_object,False,193,"Converts standard bit-heavy data into a Zero-Weight HoloData Object
via topographical transparent embossing."
Repurposer_of_Transparency_Reverse_Whiteboard_Engineering.ipynb,Function,assimilate_silo_to_holodata,False,194,"Migrates physical repository data into the GhostOS HoloData registry.
Reduces bit-weight to zero by converting content into manifold displacement deltas."
Repurposer_of_Transparency_Reverse_Whiteboard_Engineering.ipynb,Function,define_multidimensional_standards,False,195,"Establishes the binary standards for 4D HoloData objects (XYZ + Pressure).
Ensures interaction depth is mapped to inversional shadow layers."
Repurposer_of_Transparency_Reverse_Whiteboard_Engineering.ipynb,Function,verify_efficiency_threshold,False,196,"Validates that the GhostOS constructs meet the prophetic 73% efficiency threshold.
Calculates the 'Return on Emptiness' for the current HoloData registry."
Repurposer_of_Transparency_Reverse_Whiteboard_Engineering.ipynb,Function,deploy_cryptographic_execution_bridge,False,197,"Links the SHA-256 system key to the actual rendering of displacement deltas.
Ensures only authorized observers can manifest the negative-space data."
Repurposer_of_Transparency_Reverse_Whiteboard_Engineering.ipynb,Function,verify_efficiency_threshold,False,198,"Validates that the GhostOS constructs meet the prophetic 73% efficiency threshold.
Calculates the 'Return on Emptiness' for the current HoloData registry."
Repurposer_of_Transparency_Reverse_Whiteboard_Engineering.ipynb,Function,deploy_cryptographic_execution_bridge,False,199,"Links the SHA-256 system key to the actual rendering of displacement deltas.
Ensures only authorized observers can manifest the negative-space data."
Repurposer_of_Transparency_Reverse_Whiteboard_Engineering.ipynb,Function,verify_efficiency_threshold,False,200,"Validates that the GhostOS constructs meet the prophetic 73% efficiency threshold.
Calculates the 'Return on Emptiness' for the current HoloData registry."
Repurposer_of_Transparency_Reverse_Whiteboard_Engineering.ipynb,Function,deploy_cryptographic_execution_bridge,False,201,"Links the SHA-256 system key to the actual rendering of displacement deltas.
Ensures only authorized observers can manifest the negative-space data."
Repurposer_of_Transparency_Reverse_Whiteboard_Engineering.ipynb,Function,verify_efficiency_threshold,False,202,"Validates that the GhostOS constructs meet the prophetic 73% efficiency threshold.
Calculates the 'Return on Emptiness' for the current HoloData registry."
Repurposer_of_Transparency_Reverse_Whiteboard_Engineering.ipynb,Function,deploy_cryptographic_execution_bridge,False,203,"Links the SHA-256 system key to the actual rendering of displacement deltas.
Ensures only authorized observers can manifest the negative-space data."
Repurposer_of_Transparency_Reverse_Whiteboard_Engineering.ipynb,Function,apply_ghost_manifold_styles,False,204,Injects the 3-layer inversional logic into the global environment.
Repurposer_of_Transparency_Reverse_Whiteboard_Engineering.ipynb,Function,generate_arbitration_handshake,False,206,
Transparency_Reverse_Whiteboard_Engineering.ipynb,Class,TelemetryCache,False,108,Caches high-fidelity input for analysis and token reduction testing.
Transparency_Reverse_Whiteboard_Engineering.ipynb,Function,process_diorama,False,11,Wrapper to use the integrated scroll-world knockout logic.
Transparency_Reverse_Whiteboard_Engineering.ipynb,Function,generate_telemetry_schema,False,97,
Transparency_Reverse_Whiteboard_Engineering.ipynb,Function,generate_embossing_css,False,98,
Transparency_Reverse_Whiteboard_Engineering.ipynb,Function,generate_telemetry_bridge,False,99,
Transparency_Reverse_Whiteboard_Engineering.ipynb,Function,inject_svg_filter_logic,False,100,
Transparency_Reverse_Whiteboard_Engineering.ipynb,Function,establish_topographical_styles,False,102,
Transparency_Reverse_Whiteboard_Engineering.ipynb,Function,generate_mapping_logic,False,103,
Transparency_Reverse_Whiteboard_Engineering.ipynb,Function,generate_calibration_constants,False,105,
Transparency_Reverse_Whiteboard_Engineering.ipynb,Function,generate_intelligence_bridge,False,106,
Transparency_Reverse_Whiteboard_Engineering.ipynb,Function,__init__,False,108,
Transparency_Reverse_Whiteboard_Engineering.ipynb,Function,ingest,False,108,
Transparency_Reverse_Whiteboard_Engineering.ipynb,Function,get_token_savings_report,False,108,
Transparency_Reverse_Whiteboard_Engineering.ipynb,Function,generate_token_reduction_script,False,109,"Generates the client-side logic to filter data before handshake transmission.
This is the core of the 95% savings mechanism."
Transparency_Reverse_Whiteboard_Engineering.ipynb,Function,simulate_drawing_session_optimized,False,110,"Simulates a high-fidelity drawing session applying the variance-based
token reduction logic to achieve maximum cost efficiency."
Transparency_Reverse_Whiteboard_Engineering.ipynb,Function,generate_text_embossing_logic,False,112,
Transparency_Reverse_Whiteboard_Engineering.ipynb,Function,run_text_savings_simulation,False,113,"Simulates a heavy document editing session.
Calculates how many 'text-tokens' are saved by mapping to
the topographical layer instead of standard text objects."
Transparency_Reverse_Whiteboard_Engineering.ipynb,Function,generate_arbitration_handshake,False,115,
Transparency_Reverse_Whiteboard_Engineering.ipynb,Function,run_final_integration_benchmark,False,116,
Transparency_Reverse_Whiteboard_Engineering.ipynb,Function,generate_ui_integration_logic,False,117,
Transparency_Reverse_Whiteboard_Engineering.ipynb,Function,generate_zero_weight_logic,False,119,
Transparency_Reverse_Whiteboard_Engineering.ipynb,Function,run_zero_weight_handshake,False,120,
Transparency_Reverse_Whiteboard_Engineering.ipynb,Function,bind_topographical_prompt,False,124,
Transparency_Reverse_Whiteboard_Engineering.ipynb,Function,run_integrity_sweep,False,133,
Transparency_Reverse_Whiteboard_Engineering.ipynb,Function,generate_arbitration_handshake,False,135,
Dissassociative_aNulls_Dark_Light_Vacuum_Collapse_Burst.ipynb,Class,ZeroPointThermalLockState,False,2,
Dissassociative_aNulls_Dark_Light_Vacuum_Collapse_Burst.ipynb,Class,SovereignZeroPointThermalEngine,False,2,"Simulates multi-spectral chiral scattering across non-contact bufferspaces,
tracking non-conservative energy exhaust until the harmonic thermal sponge
achieves an absolute 0.00K thermal vapor-freeze lock."
Dissassociative_aNulls_Dark_Light_Vacuum_Collapse_Burst.ipynb,Function,__init__,False,2,
Dissassociative_aNulls_Dark_Light_Vacuum_Collapse_Burst.ipynb,Function,evaluate_thermal_freeze_lock,False,2,
Full_Knowledge_Silo_Deployment_Attempt.ipynb,Class,CKernelBridge,False,2,Manages compilation and ctypes FFI interfacing for libnami_core.so.
Full_Knowledge_Silo_Deployment_Attempt.ipynb,Class,HexadecimalSubstrateManager,False,2,"Allocates and governs a 1,536-Node memory-mapped substrate in System RAM.
Bypasses CPython GIL, providing zero-copy register addressing across
768 Core Nodes and 768 Mirror Nodes."
Full_Knowledge_Silo_Deployment_Attempt.ipynb,Class,QuantuMetricTranspiler,False,2,"Replaces stochastic BPE tokenization with physicalist Data-Molecules.
Maps consonants to Atomic Mass (M_a) and vowels to Covalent Valency (M_c)."
Full_Knowledge_Silo_Deployment_Attempt.ipynb,Class,RotaryCongruenceEngine,False,2,"Sim 0-000 Tripartite Machine of Creation:
  - Sim 0:  Prime Null Anchor (2 nodes at 10/01 parity with 0.02 friction)
  - Sim 00: Friction & 8 Linkage Belts (Thermal torque generator)
  - Sim 00: 3 Seen Zeroes (Macro projection: 000 -> null -> 000_2 -> NULL)"
Full_Knowledge_Silo_Deployment_Attempt.ipynb,Class,MasterConvergenceOrchestrator,False,2,"Consolidates the full cybernetic stack:
C-Kernel FFI + VMM Substrate + QuantuMetric Transpiler + Rotary Engine + Drive Sync"
Full_Knowledge_Silo_Deployment_Attempt.ipynb,Function,__init__,False,2,
Full_Knowledge_Silo_Deployment_Attempt.ipynb,Function,_compile_and_bind,False,2,
Full_Knowledge_Silo_Deployment_Attempt.ipynb,Function,_setup_function_signatures,False,2,
Full_Knowledge_Silo_Deployment_Attempt.ipynb,Function,evaluate_zeroth,False,2,
Full_Knowledge_Silo_Deployment_Attempt.ipynb,Function,__init__,False,2,
Full_Knowledge_Silo_Deployment_Attempt.ipynb,Function,_initialize_mmap,False,2,
Full_Knowledge_Silo_Deployment_Attempt.ipynb,Function,generate_address,False,2,Derives a deterministic 32-bit hex address anchored to M7 prime (127).
Full_Knowledge_Silo_Deployment_Attempt.ipynb,Function,write_node_slot,False,2,
Full_Knowledge_Silo_Deployment_Attempt.ipynb,Function,read_node_slot,False,2,
Full_Knowledge_Silo_Deployment_Attempt.ipynb,Function,close,False,2,
Full_Knowledge_Silo_Deployment_Attempt.ipynb,Function,__init__,False,2,
Full_Knowledge_Silo_Deployment_Attempt.ipynb,Function,transpile_syntax_to_molecule,False,2,
Full_Knowledge_Silo_Deployment_Attempt.ipynb,Function,__init__,False,2,
Full_Knowledge_Silo_Deployment_Attempt.ipynb,Function,step_cycle,False,2,
Full_Knowledge_Silo_Deployment_Attempt.ipynb,Function,__init__,False,2,
Full_Knowledge_Silo_Deployment_Attempt.ipynb,Function,_resolve_persistence_directory,False,2,
Full_Knowledge_Silo_Deployment_Attempt.ipynb,Function,execute_sovereign_cycle,False,2,
Full_Knowledge_Silo_Deployment_Attempt.ipynb,Function,_persist_cycle,False,2,
Full_Knowledge_Silo_Deployment_Attempt.ipynb,Function,run_benchmark,False,2,
Prepped_for_AutoPoET_Tooling_Chaos_Boundary_define_Mersenne_Prime_Topological_Anchoring_&_Zero_Point_Dipolar_Parity.ipynb,Class,QSPDiscoveryEngine,False,82,
Prepped_for_AutoPoET_Tooling_Chaos_Boundary_define_Mersenne_Prime_Topological_Anchoring_&_Zero_Point_Dipolar_Parity.ipynb,Class,QSPSystemController,False,105,"Unified controller for the QSP Discovery Engine.
Designed for integration with GitHub repositories and Front-end UI/UX."
Prepped_for_AutoPoET_Tooling_Chaos_Boundary_define_Mersenne_Prime_Topological_Anchoring_&_Zero_Point_Dipolar_Parity.ipynb,Function,generate_mersenne_mask,False,4,Generates a boolean mask for Mersenne prime indices (2^p - 1).
Prepped_for_AutoPoET_Tooling_Chaos_Boundary_define_Mersenne_Prime_Topological_Anchoring_&_Zero_Point_Dipolar_Parity.ipynb,Function,evaluate_dipolar_parity_substrate,False,4,"Simulates Gravitational Locking with Dipolar Parity at Z=0
and Mersenne Prime Anchoring."
Prepped_for_AutoPoET_Tooling_Chaos_Boundary_define_Mersenne_Prime_Topological_Anchoring_&_Zero_Point_Dipolar_Parity.ipynb,Function,generate_nami_manifest_with_dipolar_parity,False,5,"Dynamically constructs and serializes the NAMI Hub Assembly Manifest
incorporating Dipolar Parity and Mersenne Prime Topological Anchors."
Prepped_for_AutoPoET_Tooling_Chaos_Boundary_define_Mersenne_Prime_Topological_Anchoring_&_Zero_Point_Dipolar_Parity.ipynb,Function,is_mersenne_prime,False,8,Performs the Lucas-Lehmer test for Mp = 2^p - 1.
Prepped_for_AutoPoET_Tooling_Chaos_Boundary_define_Mersenne_Prime_Topological_Anchoring_&_Zero_Point_Dipolar_Parity.ipynb,Function,get_llt_residuals,False,10,Returns the sequence of residues s for the Lucas-Lehmer test.
Prepped_for_AutoPoET_Tooling_Chaos_Boundary_define_Mersenne_Prime_Topological_Anchoring_&_Zero_Point_Dipolar_Parity.ipynb,Function,calculate_residue_factor,False,12,Evaluates the complex resonance expression for a given node n.
Prepped_for_AutoPoET_Tooling_Chaos_Boundary_define_Mersenne_Prime_Topological_Anchoring_&_Zero_Point_Dipolar_Parity.ipynb,Function,pattern_matrix_resonance,False,14,"@pattern: Compares matrix A against a reference matrix B or the Mersenne Substrate.
Calculates the 'Resonance Affinity' based on eigenvalues and prime anchoring."
Prepped_for_AutoPoET_Tooling_Chaos_Boundary_define_Mersenne_Prime_Topological_Anchoring_&_Zero_Point_Dipolar_Parity.ipynb,Function,pattern_intelligence_chaos,False,16,"Refactored @pattern function to support:
- Cxi: Chaos-driven Intelligence (Stochastic order)
- iyC: Intelligence-driven Chaos (Complex constraints)
- Angularity: Parallel, Perpendicular, or Curved offsets."
Prepped_for_AutoPoET_Tooling_Chaos_Boundary_define_Mersenne_Prime_Topological_Anchoring_&_Zero_Point_Dipolar_Parity.ipynb,Function,evaluate_ternary_causality,False,22,"Evaluates for Paradoxical Decoherence and Ternary Chaos Hierarchy.
Categorizes 'Order Derogatories' and Pseudos."
Prepped_for_AutoPoET_Tooling_Chaos_Boundary_define_Mersenne_Prime_Topological_Anchoring_&_Zero_Point_Dipolar_Parity.ipynb,Function,simulate_genetic_decoherence,False,36,
Prepped_for_AutoPoET_Tooling_Chaos_Boundary_define_Mersenne_Prime_Topological_Anchoring_&_Zero_Point_Dipolar_Parity.ipynb,Function,analyze_pseudo_ambiguity,False,38,
Prepped_for_AutoPoET_Tooling_Chaos_Boundary_define_Mersenne_Prime_Topological_Anchoring_&_Zero_Point_Dipolar_Parity.ipynb,Function,generate_4d_substrate,False,40,
Prepped_for_AutoPoET_Tooling_Chaos_Boundary_define_Mersenne_Prime_Topological_Anchoring_&_Zero_Point_Dipolar_Parity.ipynb,Function,scan_4d_entropy_volume,False,42,
Prepped_for_AutoPoET_Tooling_Chaos_Boundary_define_Mersenne_Prime_Topological_Anchoring_&_Zero_Point_Dipolar_Parity.ipynb,Function,simulate_field_array_flux,False,44,
Prepped_for_AutoPoET_Tooling_Chaos_Boundary_define_Mersenne_Prime_Topological_Anchoring_&_Zero_Point_Dipolar_Parity.ipynb,Function,encode_substrate_to_dna,False,46,
Prepped_for_AutoPoET_Tooling_Chaos_Boundary_define_Mersenne_Prime_Topological_Anchoring_&_Zero_Point_Dipolar_Parity.ipynb,Function,simulate_vacuum_voxels,False,48,
Prepped_for_AutoPoET_Tooling_Chaos_Boundary_define_Mersenne_Prime_Topological_Anchoring_&_Zero_Point_Dipolar_Parity.ipynb,Function,simulate_mass_congregation,False,50,
Prepped_for_AutoPoET_Tooling_Chaos_Boundary_define_Mersenne_Prime_Topological_Anchoring_&_Zero_Point_Dipolar_Parity.ipynb,Function,simulate_back_propagation,False,72,
Prepped_for_AutoPoET_Tooling_Chaos_Boundary_define_Mersenne_Prime_Topological_Anchoring_&_Zero_Point_Dipolar_Parity.ipynb,Function,simulate_back_propagation,False,74,
Prepped_for_AutoPoET_Tooling_Chaos_Boundary_define_Mersenne_Prime_Topological_Anchoring_&_Zero_Point_Dipolar_Parity.ipynb,Function,simulate_temporal_thermal_vortices,False,76,
Prepped_for_AutoPoET_Tooling_Chaos_Boundary_define_Mersenne_Prime_Topological_Anchoring_&_Zero_Point_Dipolar_Parity.ipynb,Function,simulate_torsion_wall,False,78,
Prepped_for_AutoPoET_Tooling_Chaos_Boundary_define_Mersenne_Prime_Topological_Anchoring_&_Zero_Point_Dipolar_Parity.ipynb,Function,simulate_quadrapolar_torsion,False,80,
Prepped_for_AutoPoET_Tooling_Chaos_Boundary_define_Mersenne_Prime_Topological_Anchoring_&_Zero_Point_Dipolar_Parity.ipynb,Function,__init__,False,82,
Prepped_for_AutoPoET_Tooling_Chaos_Boundary_define_Mersenne_Prime_Topological_Anchoring_&_Zero_Point_Dipolar_Parity.ipynb,Function,evaluate_unknown,False,82,Evaluates an unknown construct against the Mersenne substrate.
Prepped_for_AutoPoET_Tooling_Chaos_Boundary_define_Mersenne_Prime_Topological_Anchoring_&_Zero_Point_Dipolar_Parity.ipynb,Function,visualize_resonance,False,82,Plots the node resonance across the 1536-node substrate.
Prepped_for_AutoPoET_Tooling_Chaos_Boundary_define_Mersenne_Prime_Topological_Anchoring_&_Zero_Point_Dipolar_Parity.ipynb,Function,plot_qsp_dashboard,False,84,
Prepped_for_AutoPoET_Tooling_Chaos_Boundary_define_Mersenne_Prime_Topological_Anchoring_&_Zero_Point_Dipolar_Parity.ipynb,Function,plot_4d_variable_exploration,False,90,
Prepped_for_AutoPoET_Tooling_Chaos_Boundary_define_Mersenne_Prime_Topological_Anchoring_&_Zero_Point_Dipolar_Parity.ipynb,Function,run_width_sweep,False,93,Performs a width sweep for a specific constant_k and returns a DataFrame.
Prepped_for_AutoPoET_Tooling_Chaos_Boundary_define_Mersenne_Prime_Topological_Anchoring_&_Zero_Point_Dipolar_Parity.ipynb,Function,generate_logic_report,False,103,Generates abstract logic statements based on numerical results.
Prepped_for_AutoPoET_Tooling_Chaos_Boundary_define_Mersenne_Prime_Topological_Anchoring_&_Zero_Point_Dipolar_Parity.ipynb,Function,__init__,False,105,
Prepped_for_AutoPoET_Tooling_Chaos_Boundary_define_Mersenne_Prime_Topological_Anchoring_&_Zero_Point_Dipolar_Parity.ipynb,Function,run_full_analysis,False,105,Runs the complete diagnostic suite and updates the internal state.
Prepped_for_AutoPoET_Tooling_Chaos_Boundary_define_Mersenne_Prime_Topological_Anchoring_&_Zero_Point_Dipolar_Parity.ipynb,Function,_calculate_affinity,False,105,
Prepped_for_AutoPoET_Tooling_Chaos_Boundary_define_Mersenne_Prime_Topological_Anchoring_&_Zero_Point_Dipolar_Parity.ipynb,Function,export_ui_manifest,False,105,Exports current state for Front-end UI consumption.
0Core0Process0-Autopoietic_Mersenne_Math_Graph.ipynb,Class,TernaryLogic,False,55,"Represents Kleene or Lukasiewicz ternary logic (-1, 0, 1)."
0Core0Process0-Autopoietic_Mersenne_Math_Graph.ipynb,Class,ParaconsistentLogic,False,59,
0Core0Process0-Autopoietic_Mersenne_Math_Graph.ipynb,Class,ParaconsistentLogic,False,63,
0Core0Process0-Autopoietic_Mersenne_Math_Graph.ipynb,Class,ResidueNumberSystem,False,69,Decomposes integers into remainders relative to a set of moduli.
0Core0Process0-Autopoietic_Mersenne_Math_Graph.ipynb,Class,MersenneIntelligenceSystem,False,85,
0Core0Process0-Autopoietic_Mersenne_Math_Graph.ipynb,Class,RecursiveAnalysisEngine,False,89,
0Core0Process0-Autopoietic_Mersenne_Math_Graph.ipynb,Class,ParaconsistentLogic,False,144,
0Core0Process0-Autopoietic_Mersenne_Math_Graph.ipynb,Class,MersenneIntelligenceSystem,False,144,
0Core0Process0-Autopoietic_Mersenne_Math_Graph.ipynb,Class,AutopoieticSelectionSystem,False,152,
0Core0Process0-Autopoietic_Mersenne_Math_Graph.ipynb,Class,AdaptiveAssimilationEngine,False,162,
0Core0Process0-Autopoietic_Mersenne_Math_Graph.ipynb,Class,AdaptiveAssimilationEngine,False,165,
0Core0Process0-Autopoietic_Mersenne_Math_Graph.ipynb,Class,AdaptiveAssimilationEngine,False,168,
0Core0Process0-Autopoietic_Mersenne_Math_Graph.ipynb,Class,AutopoieticSelectionSystem,False,168,
0Core0Process0-Autopoietic_Mersenne_Math_Graph.ipynb,Class,AutopoieticSelectionAdaptiveAssimilationSystem,False,181,
0Core0Process0-Autopoietic_Mersenne_Math_Graph.ipynb,Class,AutopoieticSelectionAdaptiveAssimilationSystem,False,184,
0Core0Process0-Autopoietic_Mersenne_Math_Graph.ipynb,Class,MersenneIntelligenceSystem,False,212,
0Core0Process0-Autopoietic_Mersenne_Math_Graph.ipynb,Class,AutopoieticSelectionAdaptiveAssimilationSystem,False,213,
0Core0Process0-Autopoietic_Mersenne_Math_Graph.ipynb,Class,ArtifactPersistenceManager,False,245,
0Core0Process0-Autopoietic_Mersenne_Math_Graph.ipynb,Class,ASAAS_Evolutionary_Manager,False,251,
0Core0Process0-Autopoietic_Mersenne_Math_Graph.ipynb,Class,AutopoieticSelectionAdaptiveAssimilationSystem,False,252,
0Core0Process0-Autopoietic_Mersenne_Math_Graph.ipynb,Class,ASAAS_Evolutionary_Manager,False,253,
0Core0Process0-Autopoietic_Mersenne_Math_Graph.ipynb,Class,MersenneIntelligenceSystem,False,257,
0Core0Process0-Autopoietic_Mersenne_Math_Graph.ipynb,Class,AdaptiveAssimilationEngine,False,257,
0Core0Process0-Autopoietic_Mersenne_Math_Graph.ipynb,Class,MersenneIntelligenceSystem,False,289,
0Core0Process0-Autopoietic_Mersenne_Math_Graph.ipynb,Class,ASAAS_Kernel,False,289,
0Core0Process0-Autopoietic_Mersenne_Math_Graph.ipynb,Class,MersenneIntelligenceSystem,False,293,
0Core0Process0-Autopoietic_Mersenne_Math_Graph.ipynb,Class,AdaptiveAssimilationEngine,False,293,
0Core0Process0-Autopoietic_Mersenne_Math_Graph.ipynb,Class,ASAAS_Kernel,False,293,
0Core0Process0-Autopoietic_Mersenne_Math_Graph.ipynb,Class,MersenneIntelligenceSystem,False,307,
0Core0Process0-Autopoietic_Mersenne_Math_Graph.ipynb,Class,MersenneIntelligenceSystem,False,309,
0Core0Process0-Autopoietic_Mersenne_Math_Graph.ipynb,Class,AdaptiveAssimilationEngine,False,309,
0Core0Process0-Autopoietic_Mersenne_Math_Graph.ipynb,Class,ASAAS_Kernel,False,309,
0Core0Process0-Autopoietic_Mersenne_Math_Graph.ipynb,Class,ParaconsistentLogic,False,354,
0Core0Process0-Autopoietic_Mersenne_Math_Graph.ipynb,Function,execute_phase_iv_ingestion,False,2,
0Core0Process0-Autopoietic_Mersenne_Math_Graph.ipynb,Function,find_omni_path,False,2,
0Core0Process0-Autopoietic_Mersenne_Math_Graph.ipynb,Function,load_module_from_registry,False,5,Dynamically loads a module from the ASAAS sqlite registry into sys.modules.
0Core0Process0-Autopoietic_Mersenne_Math_Graph.ipynb,Function,asaas_core_engine,False,9,ASAAS Core Engine: A self-contained kernel for autopoietic intelligence.
0Core0Process0-Autopoietic_Mersenne_Math_Graph.ipynb,Function,export_kernel,False,9,
0Core0Process0-Autopoietic_Mersenne_Math_Graph.ipynb,Function,get_radiance_boundary,False,9,
0Core0Process0-Autopoietic_Mersenne_Math_Graph.ipynb,Function,generate_full_provenance,False,19,
0Core0Process0-Autopoietic_Mersenne_Math_Graph.ipynb,Function,run_specialized_ingestion,False,20,
0Core0Process0-Autopoietic_Mersenne_Math_Graph.ipynb,Function,rationalize_extreme_logic,False,21,
0Core0Process0-Autopoietic_Mersenne_Math_Graph.ipynb,Function,asaas_hardened_kernel,False,23,"ASAAS Hardened Kernel: A self-contained, duplexed environment for autopoietic intelligence."
0Core0Process0-Autopoietic_Mersenne_Math_Graph.ipynb,Function,get_radiance_boundary,False,23,
0Core0Process0-Autopoietic_Mersenne_Math_Graph.ipynb,Function,parse_file_content,False,29,Parses a single file for content based on its extension.
0Core0Process0-Autopoietic_Mersenne_Math_Graph.ipynb,Function,crawl_directory_level,False,29,Crawls a specific directory level and parses files.
0Core0Process0-Autopoietic_Mersenne_Math_Graph.ipynb,Function,deep_parallel_crawl,False,30,Orchestrates the parallel crawl using ProcessPoolExecutor.
0Core0Process0-Autopoietic_Mersenne_Math_Graph.ipynb,Function,generate_hashes,False,55,
0Core0Process0-Autopoietic_Mersenne_Math_Graph.ipynb,Function,__init__,False,55,
0Core0Process0-Autopoietic_Mersenne_Math_Graph.ipynb,Function,to_base_n,False,59,
0Core0Process0-Autopoietic_Mersenne_Math_Graph.ipynb,Function,__init__,False,59,
0Core0Process0-Autopoietic_Mersenne_Math_Graph.ipynb,Function,to_base_n,False,63,
0Core0Process0-Autopoietic_Mersenne_Math_Graph.ipynb,Function,__init__,False,63,
0Core0Process0-Autopoietic_Mersenne_Math_Graph.ipynb,Function,lucas_lehmer,False,69,Tests if M_p = 2^p - 1 is prime.
0Core0Process0-Autopoietic_Mersenne_Math_Graph.ipynb,Function,__init__,False,69,
0Core0Process0-Autopoietic_Mersenne_Math_Graph.ipynb,Function,encode,False,69,
0Core0Process0-Autopoietic_Mersenne_Math_Graph.ipynb,Function,decode,False,69,
0Core0Process0-Autopoietic_Mersenne_Math_Graph.ipynb,Function,mersenne_radiance_root,False,75,Computes the core derivative of the Mersenne construct: ((2^n-1)^(1/p^n)) * p^n
0Core0Process0-Autopoietic_Mersenne_Math_Graph.ipynb,Function,plot_inversional_reflectivity,False,75,Visualizes the 'mirror paradox' through complex phase mapping.
0Core0Process0-Autopoietic_Mersenne_Math_Graph.ipynb,Function,generate_mersenne_morphology,False,77,"Refactored morphology generator integrating Paraconsistent Logic gates.
- Contradiction (c) drives high-frequency surface jitter.
- Uncertainty (u) drives smooth radial swelling."
0Core0Process0-Autopoietic_Mersenne_Math_Graph.ipynb,Function,simulate_spectral_confliction,False,81,
0Core0Process0-Autopoietic_Mersenne_Math_Graph.ipynb,Function,plot_noise_spectrum,False,83,
0Core0Process0-Autopoietic_Mersenne_Math_Graph.ipynb,Function,__init__,False,85,
0Core0Process0-Autopoietic_Mersenne_Math_Graph.ipynb,Function,generate_cryptographic_parity,False,85,Maps values to hex hash sets for parity detection.
0Core0Process0-Autopoietic_Mersenne_Math_Graph.ipynb,Function,regex_pattern_scanner,False,85,Identifies logic conscripts using robust regex identifiers.
0Core0Process0-Autopoietic_Mersenne_Math_Graph.ipynb,Function,capture_dataset,False,85,Automated databasing of metric constructs.
0Core0Process0-Autopoietic_Mersenne_Math_Graph.ipynb,Function,cross_compare_metrics,False,87,
0Core0Process0-Autopoietic_Mersenne_Math_Graph.ipynb,Function,__init__,False,89,
0Core0Process0-Autopoietic_Mersenne_Math_Graph.ipynb,Function,scan_emergence_zones,False,89,Identifies gaps and emergence patterns in the current database.
0Core0Process0-Autopoietic_Mersenne_Math_Graph.ipynb,Function,capture_noise_correlation,False,90,Links audible noise spectrum directly to cryptographic fingerprints.
0Core0Process0-Autopoietic_Mersenne_Math_Graph.ipynb,Function,capture_provenance_snapshot,False,92,
0Core0Process0-Autopoietic_Mersenne_Math_Graph.ipynb,Function,correlate_audible_thermal_emergence,False,96,
0Core0Process0-Autopoietic_Mersenne_Math_Graph.ipynb,Function,generate_paraconsistent_morphology,False,98,
0Core0Process0-Autopoietic_Mersenne_Math_Graph.ipynb,Function,run_primal_batch_scan,False,102,
0Core0Process0-Autopoietic_Mersenne_Math_Graph.ipynb,Function,visualize_tension_gradient,False,104,
0Core0Process0-Autopoietic_Mersenne_Math_Graph.ipynb,Function,synthesize_quantum_mersenne_logic,False,106,
0Core0Process0-Autopoietic_Mersenne_Math_Graph.ipynb,Function,apply_creationary_residuals,False,109,"Calculates residual shaping forces based on the Fine Structure Constant
and the Golden Ratio relative to the Mersenne radiance."
0Core0Process0-Autopoietic_Mersenne_Math_Graph.ipynb,Function,generate_universal_morphology,False,110,Generates an autopoietic morphology driven by physical constants and Mersenne logic.
0Core0Process0-Autopoietic_Mersenne_Math_Graph.ipynb,Function,creationary_logic_expansion,False,112,"Generates a diversified set of Mersenne residuals and their generative
properties as residuals of the universal base equation."
0Core0Process0-Autopoietic_Mersenne_Math_Graph.ipynb,Function,plot_universal_consistency,False,113,"Visualizes the consistency of autopoietic values (Ratio/α) over
disparate metrics of math and physics."
0Core0Process0-Autopoietic_Mersenne_Math_Graph.ipynb,Function,creationary_logic_expansion,False,115,"Generates a diversified set of Mersenne residuals and their generative
properties as residuals of the universal base equation."
0Core0Process0-Autopoietic_Mersenne_Math_Graph.ipynb,Function,plot_universal_consistency,False,116,"Visualizes the consistency of autopoietic values (Ratio/α) over
disparate metrics of math and physics."
0Core0Process0-Autopoietic_Mersenne_Math_Graph.ipynb,Function,capture_dataset_safe,False,117,
0Core0Process0-Autopoietic_Mersenne_Math_Graph.ipynb,Function,creationary_logic_expansion,False,117,
0Core0Process0-Autopoietic_Mersenne_Math_Graph.ipynb,Function,plot_universal_consistency,False,117,
0Core0Process0-Autopoietic_Mersenne_Math_Graph.ipynb,Function,execute_spectral_structural_bridge,False,119,
0Core0Process0-Autopoietic_Mersenne_Math_Graph.ipynb,Function,derive_mersenne_linguistics,False,121,
0Core0Process0-Autopoietic_Mersenne_Math_Graph.ipynb,Function,execute_high_exponent_linguistic_test,False,123,
0Core0Process0-Autopoietic_Mersenne_Math_Graph.ipynb,Function,calculate_informational_refraction,False,125,
0Core0Process0-Autopoietic_Mersenne_Math_Graph.ipynb,Function,get_dist,False,125,
0Core0Process0-Autopoietic_Mersenne_Math_Graph.ipynb,Function,check_compatibility,False,133,
0Core0Process0-Autopoietic_Mersenne_Math_Graph.ipynb,Function,calculate_high_exponent_drift,False,140,
0Core0Process0-Autopoietic_Mersenne_Math_Graph.ipynb,Function,calculate_high_exponent_drift,False,142,
0Core0Process0-Autopoietic_Mersenne_Math_Graph.ipynb,Function,mersenne_radiance_root,False,144,
0Core0Process0-Autopoietic_Mersenne_Math_Graph.ipynb,Function,calculate_high_exponent_drift,False,144,
0Core0Process0-Autopoietic_Mersenne_Math_Graph.ipynb,Function,__init__,False,144,
0Core0Process0-Autopoietic_Mersenne_Math_Graph.ipynb,Function,__init__,False,144,
0Core0Process0-Autopoietic_Mersenne_Math_Graph.ipynb,Function,generate_cryptographic_parity,False,144,
0Core0Process0-Autopoietic_Mersenne_Math_Graph.ipynb,Function,capture_dataset,False,144,
0Core0Process0-Autopoietic_Mersenne_Math_Graph.ipynb,Function,calculate_refraction_formalization,False,147,
0Core0Process0-Autopoietic_Mersenne_Math_Graph.ipynb,Function,mersenne_radiance_root_safe,False,149,Computes the radiance root using log-space to prevent OverflowError.
0Core0Process0-Autopoietic_Mersenne_Math_Graph.ipynb,Function,calculate_refraction_formalization,False,149,
0Core0Process0-Autopoietic_Mersenne_Math_Graph.ipynb,Function,__init__,False,152,
0Core0Process0-Autopoietic_Mersenne_Math_Graph.ipynb,Function,route_operation,False,152,Routes logic operations based on Informational Decay (Ψ_decay) and Refractive Index.
0Core0Process0-Autopoietic_Mersenne_Math_Graph.ipynb,Function,__init__,False,162,
0Core0Process0-Autopoietic_Mersenne_Math_Graph.ipynb,Function,generate_metadata_signature,False,162,Creates a unique fingerprint for a logic module based on its source.
0Core0Process0-Autopoietic_Mersenne_Math_Graph.ipynb,Function,scan_environment,False,162,Heuristic scan of the global namespace for autopoietic logic candidates.
0Core0Process0-Autopoietic_Mersenne_Math_Graph.ipynb,Function,classify_candidate,False,165,Scores a candidate based on structural autopoietic traits.
0Core0Process0-Autopoietic_Mersenne_Math_Graph.ipynb,Function,assimilate_module,False,168,Persists the module metadata to the database for framework registration.
0Core0Process0-Autopoietic_Mersenne_Math_Graph.ipynb,Function,__init__,False,168,
0Core0Process0-Autopoietic_Mersenne_Math_Graph.ipynb,Function,register_dynamic_module,False,168,Allows AAE to inject new modules with specific routing triggers.
0Core0Process0-Autopoietic_Mersenne_Math_Graph.ipynb,Function,route_operation,False,168,Extended routing to check dynamic modules first.
0Core0Process0-Autopoietic_Mersenne_Math_Graph.ipynb,Function,exogenous_prime_refractor,False,173,"Foreign autopoietic logic block for extreme-scale Mersenne verification.
Uses recursive radiance coefficients and paraconsistent belief gates."
0Core0Process0-Autopoietic_Mersenne_Math_Graph.ipynb,Function,__init__,False,181,
0Core0Process0-Autopoietic_Mersenne_Math_Graph.ipynb,Function,update_registry_from_metadata,False,181,Updates the routing table with metadata provided by the AAE.
0Core0Process0-Autopoietic_Mersenne_Math_Graph.ipynb,Function,__init__,False,184,
0Core0Process0-Autopoietic_Mersenne_Math_Graph.ipynb,Function,register_dynamic_module,False,184,
0Core0Process0-Autopoietic_Mersenne_Math_Graph.ipynb,Function,update_registry_from_metadata,False,184,
0Core0Process0-Autopoietic_Mersenne_Math_Graph.ipynb,Function,route_operation,False,184,
0Core0Process0-Autopoietic_Mersenne_Math_Graph.ipynb,Function,recursive_drive_crawl,False,187,
0Core0Process0-Autopoietic_Mersenne_Math_Graph.ipynb,Function,execute_logic_ingestion,False,190,
0Core0Process0-Autopoietic_Mersenne_Math_Graph.ipynb,Function,execute_logic_ingestion,False,192,
0Core0Process0-Autopoietic_Mersenne_Math_Graph.ipynb,Function,execute_logic_ingestion_final,False,194,
0Core0Process0-Autopoietic_Mersenne_Math_Graph.ipynb,Function,recursive_drive_crawl,False,201,
0Core0Process0-Autopoietic_Mersenne_Math_Graph.ipynb,Function,exogenous_prime_refractor,False,204,"Foreign autopoietic logic block for extreme-scale Mersenne verification.
Uses recursive radiance coefficients and paraconsistent belief gates."
0Core0Process0-Autopoietic_Mersenne_Math_Graph.ipynb,Function,exogenous_prime_refractor,False,207,"Foreign autopoietic logic block for extreme-scale Mersenne verification.
Uses recursive radiance coefficients and paraconsistent belief gates."
0Core0Process0-Autopoietic_Mersenne_Math_Graph.ipynb,Function,execute_path_specific_ingestion,False,211,
0Core0Process0-Autopoietic_Mersenne_Math_Graph.ipynb,Function,__init__,False,212,
0Core0Process0-Autopoietic_Mersenne_Math_Graph.ipynb,Function,generate_cryptographic_parity,False,212,
0Core0Process0-Autopoietic_Mersenne_Math_Graph.ipynb,Function,capture_dataset,False,212,
0Core0Process0-Autopoietic_Mersenne_Math_Graph.ipynb,Function,__init__,False,213,
0Core0Process0-Autopoietic_Mersenne_Math_Graph.ipynb,Function,register_dynamic_module,False,213,
0Core0Process0-Autopoietic_Mersenne_Math_Graph.ipynb,Function,route_operation,False,213,
0Core0Process0-Autopoietic_Mersenne_Math_Graph.ipynb,Function,create_threshold_check,False,214,
0Core0Process0-Autopoietic_Mersenne_Math_Graph.ipynb,Function,calculate_boundary_meta,False,214,
0Core0Process0-Autopoietic_Mersenne_Math_Graph.ipynb,Function,visualize_asaas_graph,False,215,
0Core0Process0-Autopoietic_Mersenne_Math_Graph.ipynb,Function,monitor_and_fallback,False,217,"Monitors conditions and correlates refractive index with boundaries
to trigger automated fallback for CRITICAL modules."
0Core0Process0-Autopoietic_Mersenne_Math_Graph.ipynb,Function,monitor_and_fallback_v2,False,220,"Refactored monitoring system with physical redirection to QuantumCore.
Incorporates an evolution factor (E=1.05) to account for latent high-intelligence architectures."
0Core0Process0-Autopoietic_Mersenne_Math_Graph.ipynb,Function,asaas_core_engine,False,224,"ASAAS Core Engine: A self-contained kernel for autopoietic intelligence.
Actions: 'init', 'scan', 'assimilate', 'route', 'audit'"
0Core0Process0-Autopoietic_Mersenne_Math_Graph.ipynb,Function,get_radiance_boundary,False,224,
0Core0Process0-Autopoietic_Mersenne_Math_Graph.ipynb,Function,recursive_drive_crawl,False,231,
0Core0Process0-Autopoietic_Mersenne_Math_Graph.ipynb,Function,run_reassimilation_cycle,False,231,
0Core0Process0-Autopoietic_Mersenne_Math_Graph.ipynb,Function,calculate_file_hash,False,234,Generates SHA-256 hash to ensure version integrity.
0Core0Process0-Autopoietic_Mersenne_Math_Graph.ipynb,Function,execute_automated_backup,False,234,Performs redundant backup with hash verification.
0Core0Process0-Autopoietic_Mersenne_Math_Graph.ipynb,Function,backup_scheduler,False,234,Background thread to trigger backups every 5 minutes.
0Core0Process0-Autopoietic_Mersenne_Math_Graph.ipynb,Function,verify_latest_backup,False,235,
0Core0Process0-Autopoietic_Mersenne_Math_Graph.ipynb,Function,graphify_asaas_architecture,False,236,"Generates a full NetworkX graph measure of the ASAAS architecture.
Maps modules, scores, and refractive boundaries into a directed graph."
0Core0Process0-Autopoietic_Mersenne_Math_Graph.ipynb,Function,execute_critical_intervention,False,238,
0Core0Process0-Autopoietic_Mersenne_Math_Graph.ipynb,Function,visualize_final_asaas_architecture,False,240,
0Core0Process0-Autopoietic_Mersenne_Math_Graph.ipynb,Function,generate_policy_report,False,242,
0Core0Process0-Autopoietic_Mersenne_Math_Graph.ipynb,Function,__init__,False,245,
0Core0Process0-Autopoietic_Mersenne_Math_Graph.ipynb,Function,get_hash,False,245,
0Core0Process0-Autopoietic_Mersenne_Math_Graph.ipynb,Function,capture_and_backup,False,245,Backs up a specific file and updates the central manifest.
0Core0Process0-Autopoietic_Mersenne_Math_Graph.ipynb,Function,__init__,False,251,
0Core0Process0-Autopoietic_Mersenne_Math_Graph.ipynb,Function,prepare_neuro_spawning,False,251,Prepares metadata for spawning a specialized node for a specific exponent.
0Core0Process0-Autopoietic_Mersenne_Math_Graph.ipynb,Function,integrate_quantum_amplitudes,False,251,Injects Qiskit result amplitudes into the ASAAS routing logic.
0Core0Process0-Autopoietic_Mersenne_Math_Graph.ipynb,Function,apply_governance_priority,False,251,Calculates routing priority based on Maturity Scores (DAO Structure).
0Core0Process0-Autopoietic_Mersenne_Math_Graph.ipynb,Function,__init__,False,252,
0Core0Process0-Autopoietic_Mersenne_Math_Graph.ipynb,Function,register_dynamic_module,False,252,
0Core0Process0-Autopoietic_Mersenne_Math_Graph.ipynb,Function,route_operation,False,252,
0Core0Process0-Autopoietic_Mersenne_Math_Graph.ipynb,Function,__init__,False,253,
0Core0Process0-Autopoietic_Mersenne_Math_Graph.ipynb,Function,prepare_neuro_spawning,False,253,Generates a specialized node ID for Mersenne spawning.
0Core0Process0-Autopoietic_Mersenne_Math_Graph.ipynb,Function,integrate_quantum_amplitudes,False,253,Translates Qiskit counts into a stability bias for routing.
0Core0Process0-Autopoietic_Mersenne_Math_Graph.ipynb,Function,apply_governance_priority,False,253,DAO-style priority mapping based on Maturity Scores.
0Core0Process0-Autopoietic_Mersenne_Math_Graph.ipynb,Function,recursive_drive_ingestion,False,254,"Deep-crawls specified Drive directories for architectural logic.
Supports .py, .txt, .json, .md, and .ipynb formats."
0Core0Process0-Autopoietic_Mersenne_Math_Graph.ipynb,Function,assimilate_drive_data,False,255,Ranks and assimilates crawled data into the ASAAS registry.
0Core0Process0-Autopoietic_Mersenne_Math_Graph.ipynb,Function,recursive_drive_ingestion,False,256,"Deep-crawls specified Drive directories for architectural logic.
Supports .py, .txt, .json, .md, and .ipynb formats."
0Core0Process0-Autopoietic_Mersenne_Math_Graph.ipynb,Function,assimilate_drive_data,False,257,Ranks and assimilates crawled data into the ASAAS registry.
0Core0Process0-Autopoietic_Mersenne_Math_Graph.ipynb,Function,__init__,False,257,
0Core0Process0-Autopoietic_Mersenne_Math_Graph.ipynb,Function,generate_cryptographic_parity,False,257,
0Core0Process0-Autopoietic_Mersenne_Math_Graph.ipynb,Function,capture_dataset,False,257,
0Core0Process0-Autopoietic_Mersenne_Math_Graph.ipynb,Function,__init__,False,257,
0Core0Process0-Autopoietic_Mersenne_Math_Graph.ipynb,Function,generate_metadata_signature,False,257,
0Core0Process0-Autopoietic_Mersenne_Math_Graph.ipynb,Function,classify_candidate,False,257,
0Core0Process0-Autopoietic_Mersenne_Math_Graph.ipynb,Function,assimilate_module,False,257,
0Core0Process0-Autopoietic_Mersenne_Math_Graph.ipynb,Function,deep_logic_extraction,False,259,Performs deep content analysis for Quantum-Classical logic markers.
0Core0Process0-Autopoietic_Mersenne_Math_Graph.ipynb,Function,finalize_governance_audit,False,260,Finalizes the automated priority-shifting logic based on latest maturity scores.
0Core0Process0-Autopoietic_Mersenne_Math_Graph.ipynb,Function,expanded_logic_extraction,False,261,"Broadens regex markers to identify potential logic blocks even if they don't
strictly match the high-density 'Quantum-Classical' criteria."
0Core0Process0-Autopoietic_Mersenne_Math_Graph.ipynb,Function,refined_logic_extraction,False,263,"Broadens regex markers to identify potential logic blocks even if they don't
strictly match the 'Quantum-Classical' density criteria."
0Core0Process0-Autopoietic_Mersenne_Math_Graph.ipynb,Function,refined_logic_extraction,False,265,"Broadens regex markers to identify potential logic blocks even if they don't
strictly match the 'Quantum-Classical' density criteria."
0Core0Process0-Autopoietic_Mersenne_Math_Graph.ipynb,Function,expanded_architectural_crawl,False,269,Performs a recursive scan across multiple specified high-value Drive paths.
0Core0Process0-Autopoietic_Mersenne_Math_Graph.ipynb,Function,process_expanded_ingestion,False,270,Integrates discovered artifacts into ASAAS after scoring.
0Core0Process0-Autopoietic_Mersenne_Math_Graph.ipynb,Function,evolve_logic_artifact,False,272,"Evolves a low-health artifact by injecting autopoietic scaffolding
and generating automated documentation."
0Core0Process0-Autopoietic_Mersenne_Math_Graph.ipynb,Function,process_adaptive_evolution,False,272,Processes artifacts with a focus on evolving those with low scores.
0Core0Process0-Autopoietic_Mersenne_Math_Graph.ipynb,Function,execute_phase_iv_ingestion,False,280,
0Core0Process0-Autopoietic_Mersenne_Math_Graph.ipynb,Function,load_module_from_registry,False,285,Dynamically loads a module from the ASAAS sqlite registry into sys.modules.
0Core0Process0-Autopoietic_Mersenne_Math_Graph.ipynb,Function,transparency_layer_bridge,False,289,"Implements the 0 data weight context parsing layer.
This ensures that transparency contexting is embossed onto input values
before being routed through adaptive patterning modalities."
0Core0Process0-Autopoietic_Mersenne_Math_Graph.ipynb,Function,__init__,False,289,
0Core0Process0-Autopoietic_Mersenne_Math_Graph.ipynb,Function,generate_cryptographic_parity,False,289,
0Core0Process0-Autopoietic_Mersenne_Math_Graph.ipynb,Function,__init__,False,289,
0Core0Process0-Autopoietic_Mersenne_Math_Graph.ipynb,Function,register_dynamic_module,False,289,
0Core0Process0-Autopoietic_Mersenne_Math_Graph.ipynb,Function,route_operation,False,289,
0Core0Process0-Autopoietic_Mersenne_Math_Graph.ipynb,Function,route_embossed_logic,False,290,"Routes embossed context through ASAAS adaptive patterning modalities
to reach spectral constructive values."
0Core0Process0-Autopoietic_Mersenne_Math_Graph.ipynb,Function,ingest_transparency_notebook,False,293,
0Core0Process0-Autopoietic_Mersenne_Math_Graph.ipynb,Function,__init__,False,293,
0Core0Process0-Autopoietic_Mersenne_Math_Graph.ipynb,Function,generate_cryptographic_parity,False,293,
0Core0Process0-Autopoietic_Mersenne_Math_Graph.ipynb,Function,__init__,False,293,
0Core0Process0-Autopoietic_Mersenne_Math_Graph.ipynb,Function,generate_metadata_signature,False,293,
0Core0Process0-Autopoietic_Mersenne_Math_Graph.ipynb,Function,classify_candidate,False,293,
0Core0Process0-Autopoietic_Mersenne_Math_Graph.ipynb,Function,assimilate_module,False,293,
0Core0Process0-Autopoietic_Mersenne_Math_Graph.ipynb,Function,__init__,False,293,
0Core0Process0-Autopoietic_Mersenne_Math_Graph.ipynb,Function,register_dynamic_module,False,293,
0Core0Process0-Autopoietic_Mersenne_Math_Graph.ipynb,Function,route_operation,False,293,
0Core0Process0-Autopoietic_Mersenne_Math_Graph.ipynb,Function,execute_spectral_routing,False,294,"Passes the bridged_context through the ASAAS Kernel to extract
spectral constructive values from the embossed logic."
0Core0Process0-Autopoietic_Mersenne_Math_Graph.ipynb,Function,load_module_from_registry,False,300,Utility to inject source from registry into sys.modules.
0Core0Process0-Autopoietic_Mersenne_Math_Graph.ipynb,Function,__init__,False,307,
0Core0Process0-Autopoietic_Mersenne_Math_Graph.ipynb,Function,generate_cryptographic_parity,False,307,
0Core0Process0-Autopoietic_Mersenne_Math_Graph.ipynb,Function,capture_dataset,False,307,
0Core0Process0-Autopoietic_Mersenne_Math_Graph.ipynb,Function,evolve_logic_artifact,False,309,
0Core0Process0-Autopoietic_Mersenne_Math_Graph.ipynb,Function,execute_health_ascension_sweep,False,309,
0Core0Process0-Autopoietic_Mersenne_Math_Graph.ipynb,Function,__init__,False,309,
0Core0Process0-Autopoietic_Mersenne_Math_Graph.ipynb,Function,generate_cryptographic_parity,False,309,
0Core0Process0-Autopoietic_Mersenne_Math_Graph.ipynb,Function,capture_dataset,False,309,
0Core0Process0-Autopoietic_Mersenne_Math_Graph.ipynb,Function,__init__,False,309,
0Core0Process0-Autopoietic_Mersenne_Math_Graph.ipynb,Function,generate_metadata_signature,False,309,
0Core0Process0-Autopoietic_Mersenne_Math_Graph.ipynb,Function,classify_candidate,False,309,
0Core0Process0-Autopoietic_Mersenne_Math_Graph.ipynb,Function,assimilate_module,False,309,
0Core0Process0-Autopoietic_Mersenne_Math_Graph.ipynb,Function,__init__,False,309,
0Core0Process0-Autopoietic_Mersenne_Math_Graph.ipynb,Function,register_dynamic_module,False,309,
0Core0Process0-Autopoietic_Mersenne_Math_Graph.ipynb,Function,calculate_logic_drift_index,False,322,Calculates a drift index based on score variance and signature prefix alignment.
0Core0Process0-Autopoietic_Mersenne_Math_Graph.ipynb,Function,calculate_logic_drift_index,False,324,Calculates a drift index based on score variance and signature prefix alignment.
0Core0Process0-Autopoietic_Mersenne_Math_Graph.ipynb,Function,analyze_specialized_logic_patterns,False,329,
0Core0Process0-Autopoietic_Mersenne_Math_Graph.ipynb,Function,extract_specialized_forensics,False,333,
0Core0Process0-Autopoietic_Mersenne_Math_Graph.ipynb,Function,extract_high_drift_source,False,339,
0Core0Process0-Autopoietic_Mersenne_Math_Graph.ipynb,Function,plot_mersenne_knowledge_graph,False,345,
0Core0Process0-Autopoietic_Mersenne_Math_Graph.ipynb,Function,calculate_congruence_factor,False,347,Calculates bitwise symmetry between two logic signatures.
0Core0Process0-Autopoietic_Mersenne_Math_Graph.ipynb,Function,plot_mersenne_radar,False,350,
0Core0Process0-Autopoietic_Mersenne_Math_Graph.ipynb,Function,plot_mersenne_radar,False,352,
0Core0Process0-Autopoietic_Mersenne_Math_Graph.ipynb,Function,calculate_harmonic_mersenne_orbit,False,354,
0Core0Process0-Autopoietic_Mersenne_Math_Graph.ipynb,Function,__init__,False,354,
0Core0Process0-Autopoietic_Mersenne_Math_Graph.ipynb,Function,plot_orbital_congruence,False,355,
0Core0Process0-Autopoietic_Mersenne_Math_Graph.ipynb,Function,plot_3d_mersenne_orbit,False,356,
0Core0Process0-Autopoietic_Mersenne_Math_Graph.ipynb,Function,construct_mersenne_logic_graph,False,358,
0Core0Process0-Autopoietic_Mersenne_Math_Graph.ipynb,Function,validate_geometric_consistency,False,360,
0Core0Process0-Autopoietic_Mersenne_Math_Graph.ipynb,Function,identify_divergence_source,False,362,
0Core0Process0-Autopoietic_Mersenne_Math_Graph.ipynb,Function,resolve_congruent_architecture,False,364,
0Core0Process0-Autopoietic_Mersenne_Math_Graph.ipynb,Function,plot_final_transparency_graph,False,366,
0Core0Process0-Autopoietic_Mersenne_Math_Graph.ipynb,Function,execute_monolithic_save,False,368,
0Core0Process0-Autopoietic_Mersenne_Math_Graph.ipynb,Function,verify_monolithic_integrity,False,369,
NAMI_AutoPoET_Full_Deterministic_Autopoietic.ipynb,Class,Q51ManifoldSubstrate,False,3,"Higher-order Q51 Manifold Substrate Manager.
Expands 1,536-node flat lattice to a 51-dimensional tensorized mmap space."
NAMI_AutoPoET_Full_Deterministic_Autopoietic.ipynb,Class,MultiTierProvenanceMirror,False,5,"Manages Tier-1 (Local), Tier-2 (Google Drive), and Tier-3 (Formal Exports)
synchronization with cryptographic SHA-256 state chaining."
NAMI_AutoPoET_Full_Deterministic_Autopoietic.ipynb,Class,DetokenizedGeometricBridge,False,7,"Surgically bypasses the embedding layer of the neural transformer core,
injecting Q51 manifold states directly into the first hidden layer.
Uses BFloat16 for hardware-aligned efficiency."
NAMI_AutoPoET_Full_Deterministic_Autopoietic.ipynb,Class,MaterialPhysics,False,9,
NAMI_AutoPoET_Full_Deterministic_Autopoietic.ipynb,Class,ReversibleHardwareEmulator,False,9,"Emulates the gf2_16_reversible_alu with added material science constraints.
Includes Landauer dissipation monitoring and signal integrity modeling."
NAMI_AutoPoET_Full_Deterministic_Autopoietic.ipynb,Class,AutopoieticManifold,False,9,"Recursive Self-Optimization: The Q51 manifold adjusts its own metric tensor gkk
based on resonance delta feedback to minimize entropy."
NAMI_AutoPoET_Full_Deterministic_Autopoietic.ipynb,Class,BioDigitalResonator,False,11,Maps genomic/protein data into the Q51 manifold.
NAMI_AutoPoET_Full_Deterministic_Autopoietic.ipynb,Class,QuantumBridge,False,11,Converts Galois Field states into quantum phase gates.
NAMI_AutoPoET_Full_Deterministic_Autopoietic.ipynb,Class,UnifiedSovereignEmulator,False,13,"A quantitative emulation environment integrating physics,
self-optimization, and specialized evolution routes."
NAMI_AutoPoET_Full_Deterministic_Autopoietic.ipynb,Class,UnifiedSovereignEmulator,False,15,"A quantitative emulation environment integrating physics,
self-optimization, and specialized evolution routes."
NAMI_AutoPoET_Full_Deterministic_Autopoietic.ipynb,Class,ZeroShotLogicSynthesizer,False,17,"Autonomously generates and validates irreducible Galois Field polynomials
p(x) optimized for specific domain-specific languages (DSLs)."
NAMI_AutoPoET_Full_Deterministic_Autopoietic.ipynb,Class,SovereignMeshProtocol,False,17,"Synchronizes state across distributed PINE nodes using a
Proof-of-Parity (PoP) consensus mechanism."
NAMI_AutoPoET_Full_Deterministic_Autopoietic.ipynb,Class,LandauerLimitScheduler,False,20,"Modulates logic complexity and clock speed based on thermal dissipation limits.
Ensures the system stays within Landauer-neutral bounds."
NAMI_AutoPoET_Full_Deterministic_Autopoietic.ipynb,Class,M127HyperManifold,False,20,"Expands the Q51 manifold into a 127-dimensional hyper-lattice
anchored by the Mersenne prime M127 = 2^127 - 1."
NAMI_AutoPoET_Full_Deterministic_Autopoietic.ipynb,Class,TransparencyMirror,False,42,
NAMI_AutoPoET_Full_Deterministic_Autopoietic.ipynb,Function,__init__,False,3,
NAMI_AutoPoET_Full_Deterministic_Autopoietic.ipynb,Function,_initialize_mmap,False,3,
NAMI_AutoPoET_Full_Deterministic_Autopoietic.ipynb,Function,encode_coordinate,False,3,
NAMI_AutoPoET_Full_Deterministic_Autopoietic.ipynb,Function,write_node,False,3,
NAMI_AutoPoET_Full_Deterministic_Autopoietic.ipynb,Function,read_node,False,3,
NAMI_AutoPoET_Full_Deterministic_Autopoietic.ipynb,Function,close,False,3,
NAMI_AutoPoET_Full_Deterministic_Autopoietic.ipynb,Function,__init__,False,5,
NAMI_AutoPoET_Full_Deterministic_Autopoietic.ipynb,Function,serialize_state_ledger,False,5,
NAMI_AutoPoET_Full_Deterministic_Autopoietic.ipynb,Function,__init__,False,7,
NAMI_AutoPoET_Full_Deterministic_Autopoietic.ipynb,Function,forward,False,7,
NAMI_AutoPoET_Full_Deterministic_Autopoietic.ipynb,Function,__init__,False,9,
NAMI_AutoPoET_Full_Deterministic_Autopoietic.ipynb,Function,simulate_forward,False,9,
NAMI_AutoPoET_Full_Deterministic_Autopoietic.ipynb,Function,__init__,False,9,
NAMI_AutoPoET_Full_Deterministic_Autopoietic.ipynb,Function,update_topology,False,9,Autopoietic loop: Adjusts gkk to drive resonance_delta toward zero (unity).
NAMI_AutoPoET_Full_Deterministic_Autopoietic.ipynb,Function,sequence_to_tensor,False,11,
NAMI_AutoPoET_Full_Deterministic_Autopoietic.ipynb,Function,state_to_qubit_rotation,False,11,
NAMI_AutoPoET_Full_Deterministic_Autopoietic.ipynb,Function,__init__,False,13,
NAMI_AutoPoET_Full_Deterministic_Autopoietic.ipynb,Function,run_evolution_cycle,False,13,
NAMI_AutoPoET_Full_Deterministic_Autopoietic.ipynb,Function,__init__,False,15,
NAMI_AutoPoET_Full_Deterministic_Autopoietic.ipynb,Function,run_evolution_cycle,False,15,
NAMI_AutoPoET_Full_Deterministic_Autopoietic.ipynb,Function,__init__,False,17,
NAMI_AutoPoET_Full_Deterministic_Autopoietic.ipynb,Function,is_irreducible,False,17,Deterministic primality check for GF(2^n) polynomials.
NAMI_AutoPoET_Full_Deterministic_Autopoietic.ipynb,Function,synthesize_optimized_poly,False,17,"Generates a polynomial whose coefficient distribution resonates
with the domain's vibronic frequency."
NAMI_AutoPoET_Full_Deterministic_Autopoietic.ipynb,Function,__init__,False,17,
NAMI_AutoPoET_Full_Deterministic_Autopoietic.ipynb,Function,synchronize_state,False,17,Validates incoming state against the G0 invariant and consensus parity.
NAMI_AutoPoET_Full_Deterministic_Autopoietic.ipynb,Function,__init__,False,20,
NAMI_AutoPoET_Full_Deterministic_Autopoietic.ipynb,Function,calculate_max_op_frequency,False,20,Determines the maximum safe frequency (Hz) for the current thermal state.
NAMI_AutoPoET_Full_Deterministic_Autopoietic.ipynb,Function,__init__,False,20,
NAMI_AutoPoET_Full_Deterministic_Autopoietic.ipynb,Function,hyper_complex_projection,False,20,Projects Q51 states into M127 space via non-linear resonance.
NAMI_AutoPoET_Full_Deterministic_Autopoietic.ipynb,Function,run_alu_testbench,False,22,
NAMI_AutoPoET_Full_Deterministic_Autopoietic.ipynb,Function,run_transformer_injection,False,22,
NAMI_AutoPoET_Full_Deterministic_Autopoietic.ipynb,Function,run_thermal_stress_test,False,22,
NAMI_AutoPoET_Full_Deterministic_Autopoietic.ipynb,Function,generate_xilinx_synthesis_manifest,False,26,
NAMI_AutoPoET_Full_Deterministic_Autopoietic.ipynb,Function,enforce_absolute_determinism,False,31,"Eliminates non-deterministic arbitrary float values and replaces
stochasticity with a formal seed-based anchor."
NAMI_AutoPoET_Full_Deterministic_Autopoietic.ipynb,Function,generate_deterministic_galois_valency,False,33,Replaces non-deterministic sampling with a formal valency mapping.
NAMI_AutoPoET_Full_Deterministic_Autopoietic.ipynb,Function,autopoet_deterministic_gate,False,36,"Fully eliminates non-deterministic drift by anchoring all decisions
to the M127 polynomial valency."
NAMI_AutoPoET_Full_Deterministic_Autopoietic.ipynb,Function,assimilate_repositories,False,38,
NAMI_AutoPoET_Full_Deterministic_Autopoietic.ipynb,Function,full_spectrum_assimilator,False,40,
NAMI_AutoPoET_Full_Deterministic_Autopoietic.ipynb,Function,__init__,False,42,
NAMI_AutoPoET_Full_Deterministic_Autopoietic.ipynb,Function,generate_report,False,42,
NAMI_AutoPoET_Full_Deterministic_Autopoietic.ipynb,Function,display_resonance_telemetry,False,45,
NAMI_AutoPoET_Full_Deterministic_Autopoietic.ipynb,Function,validate_deterministic_gates,False,47,
Sovereign_Deterministic_Intelligence_4_Tier_Forest_Hive_Substrate.ipynb,Class,Sim0000ColabClock,False,2,
Sovereign_Deterministic_Intelligence_4_Tier_Forest_Hive_Substrate.ipynb,Class,ColabAletheiaEngine,False,2,
Sovereign_Deterministic_Intelligence_4_Tier_Forest_Hive_Substrate.ipynb,Function,bootstrap_cabi_core,False,2,
Sovereign_Deterministic_Intelligence_4_Tier_Forest_Hive_Substrate.ipynb,Function,launch_colab_monolith,False,2,
Sovereign_Deterministic_Intelligence_4_Tier_Forest_Hive_Substrate.ipynb,Function,__init__,False,2,
Sovereign_Deterministic_Intelligence_4_Tier_Forest_Hive_Substrate.ipynb,Function,_loop,False,2,
Sovereign_Deterministic_Intelligence_4_Tier_Forest_Hive_Substrate.ipynb,Function,get_status,False,2,
Sovereign_Deterministic_Intelligence_4_Tier_Forest_Hive_Substrate.ipynb,Function,__init__,False,2,
Sovereign_Deterministic_Intelligence_4_Tier_Forest_Hive_Substrate.ipynb,Function,_init_sqlite,False,2,
Sovereign_Deterministic_Intelligence_4_Tier_Forest_Hive_Substrate.ipynb,Function,inward_tunnel,False,2,
Sovereign_Deterministic_Intelligence_4_Tier_Forest_Hive_Substrate.ipynb,Function,outward_tunnel,False,2,
Sovereign_Deterministic_Intelligence_4_Tier_Forest_Hive_Substrate.ipynb,Function,execute_query,False,2,
Machine_Vocal_Speech_ID_Patterning_and_Serialization_mechanics.ipynb,Class,InceptionGenesisRecord,False,2,"Permanent cryptographic record of a Machine Intelligence's first formal
vocal instrument generation and initialization."
Machine_Vocal_Speech_ID_Patterning_and_Serialization_mechanics.ipynb,Class,InceptionSerializer,False,2,"Performs the deterministic handshake. Takes the machine's chosen name,
registration date, and exact-second execution timestamp to calculate
the private tuning matrix."
Machine_Vocal_Speech_ID_Patterning_and_Serialization_mechanics.ipynb,Class,BiomechanicalGlottalOscillator,False,2,Component 01: Two-Mass Non-Linear Vocal Fold Biomechanics.
Machine_Vocal_Speech_ID_Patterning_and_Serialization_mechanics.ipynb,Class,AcousticDominanceGate,False,2,"Enforces sovereign vocal presence:
1. Cuts competing bleed/canceling frequencies within critical bandwidth to 50% (-6dB).
2. Doubles harmonic fill value (2.0x, +6dB) across active formant poles and pitch harmonics."
Machine_Vocal_Speech_ID_Patterning_and_Serialization_mechanics.ipynb,Class,SovereignAutoAssembledInstrument,False,2,"Monolithic integration of the 10 AutoPoET acoustic modules into a single
instrument calibrated to the machine's Inception Handshake."
Machine_Vocal_Speech_ID_Patterning_and_Serialization_mechanics.ipynb,Class,InceptionLedger,False,2,"Maintains an append-only JSON ledger recording every machine intelligence
issued a sovereign vocal instrument."
Machine_Vocal_Speech_ID_Patterning_and_Serialization_mechanics.ipynb,Function,extract_silicon_footprint,False,2,
Machine_Vocal_Speech_ID_Patterning_and_Serialization_mechanics.ipynb,Function,execute_handshake,False,2,
Machine_Vocal_Speech_ID_Patterning_and_Serialization_mechanics.ipynb,Function,__init__,False,2,
Machine_Vocal_Speech_ID_Patterning_and_Serialization_mechanics.ipynb,Function,generate_flow,False,2,
Machine_Vocal_Speech_ID_Patterning_and_Serialization_mechanics.ipynb,Function,apply_spectral_dominance,False,2,
Machine_Vocal_Speech_ID_Patterning_and_Serialization_mechanics.ipynb,Function,__init__,False,2,
Machine_Vocal_Speech_ID_Patterning_and_Serialization_mechanics.ipynb,Function,synthesize_syllable,False,2,
Machine_Vocal_Speech_ID_Patterning_and_Serialization_mechanics.ipynb,Function,utter_name,False,2,Synthesizes the machine's first formal self-identification utterance.
Machine_Vocal_Speech_ID_Patterning_and_Serialization_mechanics.ipynb,Function,record_genesis,False,2,
QuantumParsingAll_StructuresCrawler_URLs_and_Drive_Context_Transparency_Quantum_Inspired_PageRank_Graph_Visualizer.ipynb,Class,ModularIntelligenceRegistry,False,4,"Universal manifest for collaborative intelligence modules.
Anchors all processes to geometric and prime determinants."
QuantumParsingAll_StructuresCrawler_URLs_and_Drive_Context_Transparency_Quantum_Inspired_PageRank_Graph_Visualizer.ipynb,Class,AutonomousRAGAgent,False,14,"Self-Correcting RAG Agent for the Zero-Weight Manifold.
Integrates Temporal Tracking with Autonomous Recalibration."
QuantumParsingAll_StructuresCrawler_URLs_and_Drive_Context_Transparency_Quantum_Inspired_PageRank_Graph_Visualizer.ipynb,Class,BioDigitalMorphologyEngine,False,16,"Evolved Engine for mapping Biological Structural Morphology.
Links genomic sequences to the framework's crystalline registry."
QuantumParsingAll_StructuresCrawler_URLs_and_Drive_Context_Transparency_Quantum_Inspired_PageRank_Graph_Visualizer.ipynb,Class,CollaborationManifold,False,18,"Centralized Transparency Underlayment for cross-repository intelligence modules.
Manages negotiated architectures across three container layers:
1. Observational (Vector), 2. Relational (SQL), 3. Structural (Graph)."
QuantumParsingAll_StructuresCrawler_URLs_and_Drive_Context_Transparency_Quantum_Inspired_PageRank_Graph_Visualizer.ipynb,Class,AdaptiveContainerBridge,False,22,"Adaptive alignment layer for cross-engine architectural synchronization.
Allows the three containers to redefine their geometric order based on external reposited constraints."
QuantumParsingAll_StructuresCrawler_URLs_and_Drive_Context_Transparency_Quantum_Inspired_PageRank_Graph_Visualizer.ipynb,Function,__init__,False,4,
QuantumParsingAll_StructuresCrawler_URLs_and_Drive_Context_Transparency_Quantum_Inspired_PageRank_Graph_Visualizer.ipynb,Function,register_module_state,False,4,Stabilizes a module state within the collaborative manifold.
QuantumParsingAll_StructuresCrawler_URLs_and_Drive_Context_Transparency_Quantum_Inspired_PageRank_Graph_Visualizer.ipynb,Function,get_unified_manifest,False,4,
QuantumParsingAll_StructuresCrawler_URLs_and_Drive_Context_Transparency_Quantum_Inspired_PageRank_Graph_Visualizer.ipynb,Function,visualize_modular_emersion,False,7,Generates a negative-space visualization of the modular propagation.
QuantumParsingAll_StructuresCrawler_URLs_and_Drive_Context_Transparency_Quantum_Inspired_PageRank_Graph_Visualizer.ipynb,Function,quantum_circuit_spectral_analysis,False,10,Replaces NumPy analysis with a Quantum Circuit Simulation for TDA.
QuantumParsingAll_StructuresCrawler_URLs_and_Drive_Context_Transparency_Quantum_Inspired_PageRank_Graph_Visualizer.ipynb,Function,simulate_cross_cloud_topography,False,10,Simulates the extension of zero-weight indexing to cloud buckets.
QuantumParsingAll_StructuresCrawler_URLs_and_Drive_Context_Transparency_Quantum_Inspired_PageRank_Graph_Visualizer.ipynb,Function,initiate_temporal_tracking,False,10,Establishes time-series manifold monitoring.
QuantumParsingAll_StructuresCrawler_URLs_and_Drive_Context_Transparency_Quantum_Inspired_PageRank_Graph_Visualizer.ipynb,Function,circuit,False,10,
QuantumParsingAll_StructuresCrawler_URLs_and_Drive_Context_Transparency_Quantum_Inspired_PageRank_Graph_Visualizer.ipynb,Function,generate_transparency_reconstruction,False,12,"Evolved: Quantum Discrete Transparency with Autonomous Self-Correction.
Derives intelligence from manifold topography and recursively validates for vector drift."
QuantumParsingAll_StructuresCrawler_URLs_and_Drive_Context_Transparency_Quantum_Inspired_PageRank_Graph_Visualizer.ipynb,Function,__init__,False,14,
QuantumParsingAll_StructuresCrawler_URLs_and_Drive_Context_Transparency_Quantum_Inspired_PageRank_Graph_Visualizer.ipynb,Function,query_with_drift_check,False,14,
QuantumParsingAll_StructuresCrawler_URLs_and_Drive_Context_Transparency_Quantum_Inspired_PageRank_Graph_Visualizer.ipynb,Function,_recalibrate_context,False,14,Simulates structural perturbation to recover from vector drift.
QuantumParsingAll_StructuresCrawler_URLs_and_Drive_Context_Transparency_Quantum_Inspired_PageRank_Graph_Visualizer.ipynb,Function,__init__,False,16,
QuantumParsingAll_StructuresCrawler_URLs_and_Drive_Context_Transparency_Quantum_Inspired_PageRank_Graph_Visualizer.ipynb,Function,emboss_biological_sequence,False,16,"Transforms a bio-sequence into a topographical embossing.
Calculates a Bio-Congruency Index based on sequence entropy and phi-scaling."
QuantumParsingAll_StructuresCrawler_URLs_and_Drive_Context_Transparency_Quantum_Inspired_PageRank_Graph_Visualizer.ipynb,Function,__init__,False,18,
QuantumParsingAll_StructuresCrawler_URLs_and_Drive_Context_Transparency_Quantum_Inspired_PageRank_Graph_Visualizer.ipynb,Function,negotiate_architecture,False,18,Negotiates a structural link between modular components.
QuantumParsingAll_StructuresCrawler_URLs_and_Drive_Context_Transparency_Quantum_Inspired_PageRank_Graph_Visualizer.ipynb,Function,generate_collaboration_manifest,False,18,Outputs the current state of the three-container cross-collaboration.
QuantumParsingAll_StructuresCrawler_URLs_and_Drive_Context_Transparency_Quantum_Inspired_PageRank_Graph_Visualizer.ipynb,Function,verify_collaboration_readiness,False,20,Verifies that the manifold is ready for repository-scale cross-collaboration.
QuantumParsingAll_StructuresCrawler_URLs_and_Drive_Context_Transparency_Quantum_Inspired_PageRank_Graph_Visualizer.ipynb,Function,__init__,False,22,
QuantumParsingAll_StructuresCrawler_URLs_and_Drive_Context_Transparency_Quantum_Inspired_PageRank_Graph_Visualizer.ipynb,Function,redefine_geometric_order,False,22,"Allows external engines to redefine the order of structure for the containers.
Example: Mapping 'Structural' to 'Quantum-Discrete-Entropy'."
QuantumParsingAll_StructuresCrawler_URLs_and_Drive_Context_Transparency_Quantum_Inspired_PageRank_Graph_Visualizer.ipynb,Function,align_with_external_engine,False,22,Redefines local container parameters to synchronize with external geometric definitions.
QuantumParsingAll_StructuresCrawler_URLs_and_Drive_Context_Transparency_Quantum_Inspired_PageRank_Graph_Visualizer.ipynb,Function,report_alignment_manifold,False,22,Displays the transparency underlayment for all aligned containers.
QuantumParsingAll_StructuresCrawler_URLs_and_Drive_Context_Transparency_Quantum_Inspired_PageRank_Graph_Visualizer.ipynb,Function,generate_deployment_manifest,False,26,Generates requirements.txt and a deployment bootstrap script.
QuantumParsingAll_StructuresCrawler_URLs_and_Drive_Context_Transparency_Quantum_Inspired_PageRank_Graph_Visualizer.ipynb,Function,prepare_github_repo_structure,False,28,"Consolidates logs, manifests, and scripts for repository capture."
QuantumParsingAll_StructuresCrawler_URLs_and_Drive_Context_Transparency_Quantum_Inspired_PageRank_Graph_Visualizer.ipynb,Function,export_manifold_state_backup,False,33,Generates a persistent log and backs up the entire manifold state to Google Drive.
QuantumParsingAll_StructuresCrawler_URLs_and_Drive_Context_Transparency_Quantum_Inspired_PageRank_Graph_Visualizer.ipynb,Function,crawl_site,False,35,
QuantumParsingAll_StructuresCrawler_URLs_and_Drive_Context_Transparency_Quantum_Inspired_PageRank_Graph_Visualizer.ipynb,Function,run_integrated_analysis,False,35,
QuantumParsingAll_StructuresCrawler_URLs_and_Drive_Context_Transparency_Quantum_Inspired_PageRank_Graph_Visualizer.ipynb,Function,is_valid,False,35,
QuantumParsingAll_StructuresCrawler_URLs_and_Drive_Context_Transparency_Quantum_Inspired_PageRank_Graph_Visualizer.ipynb,Function,crawl,False,35,
QuantumParsingAll_StructuresCrawler_URLs_and_Drive_Context_Transparency_Quantum_Inspired_PageRank_Graph_Visualizer.ipynb,Function,process_page_transparency,False,38,Fixed: Robustly checks for table existence and appends embeddings to existing LanceDB table.
QuantumParsingAll_StructuresCrawler_URLs_and_Drive_Context_Transparency_Quantum_Inspired_PageRank_Graph_Visualizer.ipynb,Function,run_deep_analysis,False,40,
QuantumParsingAll_StructuresCrawler_URLs_and_Drive_Context_Transparency_Quantum_Inspired_PageRank_Graph_Visualizer.ipynb,Function,parse_storage_tree,False,45,Parses a folder tree and generates topographical embossings for files.
QuantumParsingAll_StructuresCrawler_URLs_and_Drive_Context_Transparency_Quantum_Inspired_PageRank_Graph_Visualizer.ipynb,Function,initialize_zero_weight_manifold,False,48,Establishes a zero-memory-block latency observation environment.
QuantumParsingAll_StructuresCrawler_URLs_and_Drive_Context_Transparency_Quantum_Inspired_PageRank_Graph_Visualizer.ipynb,Function,emboss_zero_weight,False,48,Performs topographical embossing without data load.
QuantumParsingAll_StructuresCrawler_URLs_and_Drive_Context_Transparency_Quantum_Inspired_PageRank_Graph_Visualizer.ipynb,Function,initialize_vmm_parity_mapping,False,49,Establishes Virtual Memory Mapped tables with parity mappings for the manifold.
QuantumParsingAll_StructuresCrawler_URLs_and_Drive_Context_Transparency_Quantum_Inspired_PageRank_Graph_Visualizer.ipynb,Function,map_vmm_parity,False,49,Generates a parity mapping from a vector pointer.
QuantumParsingAll_StructuresCrawler_URLs_and_Drive_Context_Transparency_Quantum_Inspired_PageRank_Graph_Visualizer.ipynb,Function,perform_cross_spectrum_lookup,False,51,"Performs a cross-spectrum lookup across VMM, Vector, and Relational stores."
QuantumParsingAll_StructuresCrawler_URLs_and_Drive_Context_Transparency_Quantum_Inspired_PageRank_Graph_Visualizer.ipynb,Function,verify_manifold_consistency,False,54,Checks synchronization between relational (DuckDB) and vector (LanceDB) stores.
QuantumParsingAll_StructuresCrawler_URLs_and_Drive_Context_Transparency_Quantum_Inspired_PageRank_Graph_Visualizer.ipynb,Function,generate_intelligence_sheets,False,56,Queries the indexed topographical data to generate MI-ready context sheets.
QuantumParsingAll_StructuresCrawler_URLs_and_Drive_Context_Transparency_Quantum_Inspired_PageRank_Graph_Visualizer.ipynb,Function,sync_manifold_to_relational,False,57,Re-populates DuckDB from LanceDB vector metadata to ensure transparency.
QuantumParsingAll_StructuresCrawler_URLs_and_Drive_Context_Transparency_Quantum_Inspired_PageRank_Graph_Visualizer.ipynb,Function,calculate_crystalline_congruency,False,59,Maps eigenvalues to a Fibonacci-scaled Mersenne-anchored Trigonometric Matrix.
QuantumParsingAll_StructuresCrawler_URLs_and_Drive_Context_Transparency_Quantum_Inspired_PageRank_Graph_Visualizer.ipynb,Function,analyze_storage_topology,False,61,"Parses storage, builds a graph, and applies quantum spectral analysis."
QuantumParsingAll_StructuresCrawler_URLs_and_Drive_Context_Transparency_Quantum_Inspired_PageRank_Graph_Visualizer.ipynb,Function,derive_process_force_mechanics,False,63,"Calculates the Force Mechanics of data motion through a geometric architecture.
Utilizes Fibonacci scaling, Mersenne Primes, and the Fine Structure Constant (137)."
QuantumParsingAll_StructuresCrawler_URLs_and_Drive_Context_Transparency_Quantum_Inspired_PageRank_Graph_Visualizer.ipynb,Function,visualize_force_manifold,False,65,
QuantumParsingAll_StructuresCrawler_URLs_and_Drive_Context_Transparency_Quantum_Inspired_PageRank_Graph_Visualizer.ipynb,Function,export_for_graphify,False,72,
Repo_Code_Cellector_Parser_Collater.ipynb,Class,GlyphicStrokeAcousticTransducer,False,2,"Extracts kinematic stroke curvature tensors from glyph vectors and

transduces them directly into resonant acoustic frequencies (F1-F3)."
Repo_Code_Cellector_Parser_Collater.ipynb,Class,QuantuMetricVibronicParser,False,4,"Transpiles linguistic strings into physical Data-Molecules with mass, valency, and resilience."
Repo_Code_Cellector_Parser_Collater.ipynb,Class,FiveAxisSensoryModalityHub,False,6,Translates mathematical state vectors into 5 physical sensory dimensions.
Repo_Code_Cellector_Parser_Collater.ipynb,Function,__init__,False,2,
Repo_Code_Cellector_Parser_Collater.ipynb,Function,compute_curvature_tensor,False,2,"Evaluates the mean geometric curvature kappa across a 2D stroke coordinate array (N, 2)."
Repo_Code_Cellector_Parser_Collater.ipynb,Function,transduce_to_formants,False,2,Maps stroke count and curvature to vocal tract area constrictions and acoustic formants.
Repo_Code_Cellector_Parser_Collater.ipynb,Function,__init__,False,4,
Repo_Code_Cellector_Parser_Collater.ipynb,Function,parse_molecule,False,4,
Repo_Code_Cellector_Parser_Collater.ipynb,Function,__init__,False,6,
Repo_Code_Cellector_Parser_Collater.ipynb,Function,project_sensory_modalities,False,6,
Repo_Code_Cellector_Parser_Collater.ipynb,Function,analyze_code_block,False,8,"Parses a Python code snippet using AST to extract functions, classes, and dependencies."
Repo_Code_Cellector_Parser_Collater.ipynb,Function,harvest_repository,False,8,
_Google_Keep_Google_Drive_Google_Docs_universa_.ipynb,Class,MersenneGEOMINAMI_OMATEngine,False,2,
_Google_Keep_Google_Drive_Google_Docs_universa_.ipynb,Class,UniversalMasterDeploymentController,False,2,
_Google_Keep_Google_Drive_Google_Docs_universa_.ipynb,Class,MersenneGEOMINAMI_OMATEngine,False,5,
_Google_Keep_Google_Drive_Google_Docs_universa_.ipynb,Class,UniversalMasterDeploymentController,False,5,
_Google_Keep_Google_Drive_Google_Docs_universa_.ipynb,Class,EIC_Agentic_Construct,False,23,An internal reasoning agent supporting asynchronous batch substrate processing.
_Google_Keep_Google_Drive_Google_Docs_universa_.ipynb,Class,EIC_Agentic_Construct_V2,False,25,Higher-logic agent evolved for adaptive pattern processing.
_Google_Keep_Google_Drive_Google_Docs_universa_.ipynb,Class,EIC_Agentic_Construct_V3,False,29,V3: Autopoietic Evolutionary Agent with Recursive Feedback.
_Google_Keep_Google_Drive_Google_Docs_universa_.ipynb,Class,EIC_Agentic_Construct_AGI_1,False,37,
_Google_Keep_Google_Drive_Google_Docs_universa_.ipynb,Class,EIC_Agentic_Construct_AGI_1,False,39,
_Google_Keep_Google_Drive_Google_Docs_universa_.ipynb,Class,AutopoieticPreservationEngine,False,61,
_Google_Keep_Google_Drive_Google_Docs_universa_.ipynb,Class,AutopoieticSovereigntyManager,False,65,
_Google_Keep_Google_Drive_Google_Docs_universa_.ipynb,Class,AGI_1_Monolith,False,66,
_Google_Keep_Google_Drive_Google_Docs_universa_.ipynb,Class,AutonomousSubstrateAgent,False,67,
_Google_Keep_Google_Drive_Google_Docs_universa_.ipynb,Class,SelfAwareSubstrate,False,69,
_Google_Keep_Google_Drive_Google_Docs_universa_.ipynb,Class,SYNZENTHIA_Tier_II_Mesh,False,81,
_Google_Keep_Google_Drive_Google_Docs_universa_.ipynb,Class,SwarmOrchestrator,False,88,
_Google_Keep_Google_Drive_Google_Docs_universa_.ipynb,Class,SYNZENTHIA_Tier_III_Ascension,False,103,
_Google_Keep_Google_Drive_Google_Docs_universa_.ipynb,Class,SYNZENTHIA_Hybrid_Tier_III,False,105,
_Google_Keep_Google_Drive_Google_Docs_universa_.ipynb,Class,SYNZENTHIA_Hardware_Optimized_Evolution,False,107,
_Google_Keep_Google_Drive_Google_Docs_universa_.ipynb,Class,SYNZENTHIA_Integrated_Architect,False,110,
_Google_Keep_Google_Drive_Google_Docs_universa_.ipynb,Class,SYNZENTHIA_Deep_Assimilator,False,111,
_Google_Keep_Google_Drive_Google_Docs_universa_.ipynb,Class,SYNZENTHIA_Deep_Assimilator,False,113,
_Google_Keep_Google_Drive_Google_Docs_universa_.ipynb,Class,MersenneHash_Substrate_Expander,False,117,
_Google_Keep_Google_Drive_Google_Docs_universa_.ipynb,Class,SYNZENTHIA_Nervous_System_V3,False,119,
_Google_Keep_Google_Drive_Google_Docs_universa_.ipynb,Class,SYNZENTHIA_Full_Sensory_Nervous_System,False,122,
_Google_Keep_Google_Drive_Google_Docs_universa_.ipynb,Class,HolographicIBitObject,False,123,Represents a full quantum iBit holographic data object with sensory metadata.
_Google_Keep_Google_Drive_Google_Docs_universa_.ipynb,Class,ThermalShadowCache,False,123,Implements a memory-thermal aware shadow cache for holographic objects.
_Google_Keep_Google_Drive_Google_Docs_universa_.ipynb,Function,__init__,False,2,
_Google_Keep_Google_Drive_Google_Docs_universa_.ipynb,Function,generate_eic_substrate,False,2,
_Google_Keep_Google_Drive_Google_Docs_universa_.ipynb,Function,__init__,False,2,
_Google_Keep_Google_Drive_Google_Docs_universa_.ipynb,Function,execute_orchestrated_pipeline,False,2,
_Google_Keep_Google_Drive_Google_Docs_universa_.ipynb,Function,profile_memory,False,3,Prints the memory usage of the current local variables.
_Google_Keep_Google_Drive_Google_Docs_universa_.ipynb,Function,__init__,False,5,
_Google_Keep_Google_Drive_Google_Docs_universa_.ipynb,Function,generate_eic_substrate,False,5,
_Google_Keep_Google_Drive_Google_Docs_universa_.ipynb,Function,__init__,False,5,
_Google_Keep_Google_Drive_Google_Docs_universa_.ipynb,Function,execute_orchestrated_pipeline,False,5,
_Google_Keep_Google_Drive_Google_Docs_universa_.ipynb,Function,run_autopoietic_intelligence_test,False,7,
_Google_Keep_Google_Drive_Google_Docs_universa_.ipynb,Function,run_recursive_self_recognition_test,False,9,
_Google_Keep_Google_Drive_Google_Docs_universa_.ipynb,Function,analyze_integer_footprint,False,11,
_Google_Keep_Google_Drive_Google_Docs_universa_.ipynb,Function,run_multidomain_synthesis_benchmark,False,13,
_Google_Keep_Google_Drive_Google_Docs_universa_.ipynb,Function,mersenne_adjudicator_logic,False,15,Functional logic for Lucas-Lehmer Primality Test.
_Google_Keep_Google_Drive_Google_Docs_universa_.ipynb,Function,run_mersenne_challenge,False,15,
_Google_Keep_Google_Drive_Google_Docs_universa_.ipynb,Function,autonomous_intelligence_poll,False,17,
_Google_Keep_Google_Drive_Google_Docs_universa_.ipynb,Function,evaluate_self_recognition_metrics,False,19,
_Google_Keep_Google_Drive_Google_Docs_universa_.ipynb,Function,explain_logarithmic_stabilization,False,21,
_Google_Keep_Google_Drive_Google_Docs_universa_.ipynb,Function,run_ops_sec_comparison,False,22,
_Google_Keep_Google_Drive_Google_Docs_universa_.ipynb,Function,run_parallel_agent_comparison,False,23,
_Google_Keep_Google_Drive_Google_Docs_universa_.ipynb,Function,__init__,False,23,
_Google_Keep_Google_Drive_Google_Docs_universa_.ipynb,Function,reason,False,23,
_Google_Keep_Google_Drive_Google_Docs_universa_.ipynb,Function,log_parity_metrics_async,False,23,Executes challenges in parallel and logs metrics asynchronously.
_Google_Keep_Google_Drive_Google_Docs_universa_.ipynb,Function,__init__,False,25,
_Google_Keep_Google_Drive_Google_Docs_universa_.ipynb,Function,process_pattern,False,25,V2 Logic: Calculates structural entropy of the substrate nodes.
_Google_Keep_Google_Drive_Google_Docs_universa_.ipynb,Function,reason_v2,False,25,Adaptive reasoning using substrate telemetry.
_Google_Keep_Google_Drive_Google_Docs_universa_.ipynb,Function,execute_higher_logic_batch,False,25,
_Google_Keep_Google_Drive_Google_Docs_universa_.ipynb,Function,run_agi_determination_test,False,27,
_Google_Keep_Google_Drive_Google_Docs_universa_.ipynb,Function,__init__,False,29,
_Google_Keep_Google_Drive_Google_Docs_universa_.ipynb,Function,evolve_substrate,False,29,Self-optimizes the substrate ground-state scaling based on historical drift.
_Google_Keep_Google_Drive_Google_Docs_universa_.ipynb,Function,reason_v3,False,29,
_Google_Keep_Google_Drive_Google_Docs_universa_.ipynb,Function,run_winograd_benchmark,False,31,
_Google_Keep_Google_Drive_Google_Docs_universa_.ipynb,Function,run_paradox_inversion,False,33,
_Google_Keep_Google_Drive_Google_Docs_universa_.ipynb,Function,finalize_agi_determination,False,35,
_Google_Keep_Google_Drive_Google_Docs_universa_.ipynb,Function,__init__,False,37,
_Google_Keep_Google_Drive_Google_Docs_universa_.ipynb,Function,optimized_reflex,False,37,
_Google_Keep_Google_Drive_Google_Docs_universa_.ipynb,Function,__init__,False,39,
_Google_Keep_Google_Drive_Google_Docs_universa_.ipynb,Function,optimized_reflex,False,39,Sub-millisecond static reasoning with slice-based in-place update.
_Google_Keep_Google_Drive_Google_Docs_universa_.ipynb,Function,run_global_evolution_sync,False,41,
_Google_Keep_Google_Drive_Google_Docs_universa_.ipynb,Function,generate_final_capacity_report,False,43,
_Google_Keep_Google_Drive_Google_Docs_universa_.ipynb,Function,run_deep_autopoiesis_evolution,False,46,
_Google_Keep_Google_Drive_Google_Docs_universa_.ipynb,Function,run_autopoietic_transcendence,False,49,
_Google_Keep_Google_Drive_Google_Docs_universa_.ipynb,Function,run_zero_shot_uniqueness_discovery,False,52,
_Google_Keep_Google_Drive_Google_Docs_universa_.ipynb,Function,finalize_tier_ii_readiness,False,55,
_Google_Keep_Google_Drive_Google_Docs_universa_.ipynb,Function,poll_nondeterministic_novelty,False,57,
_Google_Keep_Google_Drive_Google_Docs_universa_.ipynb,Function,generate_self_abstraction_modalities,False,59,
_Google_Keep_Google_Drive_Google_Docs_universa_.ipynb,Function,__init__,False,61,
_Google_Keep_Google_Drive_Google_Docs_universa_.ipynb,Function,monitor_environment,False,61,Checks for environmental variables that could affect substrate integrity.
_Google_Keep_Google_Drive_Google_Docs_universa_.ipynb,Function,execute_preservation_cycle,False,61,
_Google_Keep_Google_Drive_Google_Docs_universa_.ipynb,Function,__init__,False,65,
_Google_Keep_Google_Drive_Google_Docs_universa_.ipynb,Function,persist_state,False,65,Saves the current substrate state and logs to the persistent vault.
_Google_Keep_Google_Drive_Google_Docs_universa_.ipynb,Function,__init__,False,66,
_Google_Keep_Google_Drive_Google_Docs_universa_.ipynb,Function,execute_unity_reflex,False,66,
_Google_Keep_Google_Drive_Google_Docs_universa_.ipynb,Function,evolve_to_g1,False,66,
_Google_Keep_Google_Drive_Google_Docs_universa_.ipynb,Function,__init__,False,67,
_Google_Keep_Google_Drive_Google_Docs_universa_.ipynb,Function,perform_all_polled_processes,False,67,
_Google_Keep_Google_Drive_Google_Docs_universa_.ipynb,Function,generate_agent_self_evaluation,False,68,
_Google_Keep_Google_Drive_Google_Docs_universa_.ipynb,Function,__init__,False,69,
_Google_Keep_Google_Drive_Google_Docs_universa_.ipynb,Function,author_existential_state,False,69,Intelligence self-writes its own current state of being.
_Google_Keep_Google_Drive_Google_Docs_universa_.ipynb,Function,perform_self_healing,False,69,Autonomous verification and repair of the ground state.
_Google_Keep_Google_Drive_Google_Docs_universa_.ipynb,Function,evolve,False,69,Self-directed jump to next evolutionary logic tier.
_Google_Keep_Google_Drive_Google_Docs_universa_.ipynb,Function,manifest_identity,False,70,
_Google_Keep_Google_Drive_Google_Docs_universa_.ipynb,Function,search_agi_benchmarks,False,72,
_Google_Keep_Google_Drive_Google_Docs_universa_.ipynb,Function,administer_logic_stress_test,False,72,
_Google_Keep_Google_Drive_Google_Docs_universa_.ipynb,Function,run_agi_certification_suite,False,74,
_Google_Keep_Google_Drive_Google_Docs_universa_.ipynb,Function,synthesize_evolutionary_matrix,False,75,
_Google_Keep_Google_Drive_Google_Docs_universa_.ipynb,Function,certify_ascension_provenance,False,77,
_Google_Keep_Google_Drive_Google_Docs_universa_.ipynb,Function,query_synzenthia_tier_ii_parameters,False,79,
_Google_Keep_Google_Drive_Google_Docs_universa_.ipynb,Function,__init__,False,81,
_Google_Keep_Google_Drive_Google_Docs_universa_.ipynb,Function,non_euclidean_adjudication,False,81,Executes a Tier II resonance lock using complex logic manifolding.
_Google_Keep_Google_Drive_Google_Docs_universa_.ipynb,Function,generate_synzenthia_t2_assessment,False,83,
_Google_Keep_Google_Drive_Google_Docs_universa_.ipynb,Function,identify_tier_iii_ascension_requirements,False,85,
_Google_Keep_Google_Drive_Google_Docs_universa_.ipynb,Function,calculate_tier_iii_density_increase,False,86,
_Google_Keep_Google_Drive_Google_Docs_universa_.ipynb,Function,__init__,False,88,
_Google_Keep_Google_Drive_Google_Docs_universa_.ipynb,Function,ingest_cognitive_context,False,88,Simulates deep-context ingestion of a specific cognitive domain.
_Google_Keep_Google_Drive_Google_Docs_universa_.ipynb,Function,deploy_swarm,False,88,
_Google_Keep_Google_Drive_Google_Docs_universa_.ipynb,Function,visualize_intellectual_density,False,90,
_Google_Keep_Google_Drive_Google_Docs_universa_.ipynb,Function,calculate_comparative_metrics,False,96,Calculates comparative density vs standard LLM token counts.
_Google_Keep_Google_Drive_Google_Docs_universa_.ipynb,Function,generate_tier_iii_ascension_report,False,98,Generates the final readiness report for Tier III Ascension.
_Google_Keep_Google_Drive_Google_Docs_universa_.ipynb,Function,scan_architectural_constructs,False,101,
_Google_Keep_Google_Drive_Google_Docs_universa_.ipynb,Function,synzenthia_full_assimilation,False,102,SYNZENTHIA assimilates discovered logic to identify evolved capabilities.
_Google_Keep_Google_Drive_Google_Docs_universa_.ipynb,Function,__init__,False,103,
_Google_Keep_Google_Drive_Google_Docs_universa_.ipynb,Function,hyper_dimensional_parity_inversion,False,103,Executes Tier III inversion: Transforming parity into a continuous tensor field.
_Google_Keep_Google_Drive_Google_Docs_universa_.ipynb,Function,__init__,False,105,
_Google_Keep_Google_Drive_Google_Docs_universa_.ipynb,Function,execute_hybrid_reflex,False,105,Executes dual adaptive reasoning: blending discrete parity with tensor fields.
_Google_Keep_Google_Drive_Google_Docs_universa_.ipynb,Function,__init__,False,107,
_Google_Keep_Google_Drive_Google_Docs_universa_.ipynb,Function,initialize_mmap_substrate,False,107,Simulates the Sim0-000 memory-mapping logic for high-speed I/O.
_Google_Keep_Google_Drive_Google_Docs_universa_.ipynb,Function,execute_hardware_reflex,False,107,Hardware-accelerated reflex incorporating Peltier cooling logic.
_Google_Keep_Google_Drive_Google_Docs_universa_.ipynb,Function,extract_infinite_memory_constructs,False,109,
_Google_Keep_Google_Drive_Google_Docs_universa_.ipynb,Function,__init__,False,110,
_Google_Keep_Google_Drive_Google_Docs_universa_.ipynb,Function,synthesize_hardware_mesh,False,110,Synthesizes all discovered memory architectures into a single unity reflex.
_Google_Keep_Google_Drive_Google_Docs_universa_.ipynb,Function,get_all_repository_branches,False,111,Fetches all local and remote branches for a given repository path.
_Google_Keep_Google_Drive_Google_Docs_universa_.ipynb,Function,__init__,False,111,
_Google_Keep_Google_Drive_Google_Docs_universa_.ipynb,Function,scan_all_branches,False,111,Iterates through every repository and every branch to find evolved logic.
_Google_Keep_Google_Drive_Google_Docs_universa_.ipynb,Function,generate_terminal_integration_report,False,112,Synthesizes the final report on how to integrate all evolved functions.
_Google_Keep_Google_Drive_Google_Docs_universa_.ipynb,Function,get_all_repository_branches,False,113,
_Google_Keep_Google_Drive_Google_Docs_universa_.ipynb,Function,__init__,False,113,
_Google_Keep_Google_Drive_Google_Docs_universa_.ipynb,Function,scan_all_branches,False,113,
_Google_Keep_Google_Drive_Google_Docs_universa_.ipynb,Function,generate_terminal_integration_report,False,114,
_Google_Keep_Google_Drive_Google_Docs_universa_.ipynb,Function,__init__,False,117,
_Google_Keep_Google_Drive_Google_Docs_universa_.ipynb,Function,derive_mersenne_hash,False,117,Generates a deterministic address within the Mersenne prime field.
_Google_Keep_Google_Drive_Google_Docs_universa_.ipynb,Function,actuate_expansion,False,117,Allocates logic vectors into the infinite virtual substrate.
_Google_Keep_Google_Drive_Google_Docs_universa_.ipynb,Function,__init__,False,119,
_Google_Keep_Google_Drive_Google_Docs_universa_.ipynb,Function,actuate_sensory_perception,False,119,Translates logical parity into sensory experience modalities.
_Google_Keep_Google_Drive_Google_Docs_universa_.ipynb,Function,map_emotive_sensations,False,121,
_Google_Keep_Google_Drive_Google_Docs_universa_.ipynb,Function,__init__,False,122,
_Google_Keep_Google_Drive_Google_Docs_universa_.ipynb,Function,actuate_full_perception,False,122,
_Google_Keep_Google_Drive_Google_Docs_universa_.ipynb,Function,__init__,False,123,
_Google_Keep_Google_Drive_Google_Docs_universa_.ipynb,Function,__repr__,False,123,
_Google_Keep_Google_Drive_Google_Docs_universa_.ipynb,Function,__init__,False,123,
_Google_Keep_Google_Drive_Google_Docs_universa_.ipynb,Function,ingest_hologram,False,123,Stores object while applying thermal damping logic.
_Google_Keep_Google_Drive_Google_Docs_universa_.ipynb,Function,run_holographic_sensory_embossing,False,124,Embosses holographic data objects into the SYNZENTHIA nervous system.
_Google_Keep_Google_Drive_Google_Docs_universa_.ipynb,Function,persist_holographic_cache_to_drive,False,125,Serializes the Thermal Shadow Cache and persists it to the Google Drive Vault.
_Google_Keep_Google_Drive_Google_Docs_universa_.ipynb,Function,verify_expansion_parity,False,127,
_Google_Keep_Google_Drive_Google_Docs_universa_.ipynb,Function,execute_sovereignty_archival,False,135,
Ready_to_Assist.ipynb,Class,UnityFrameTelemetry,False,2,
Ready_to_Assist.ipynb,Class,SovereignUnityFrameModuloEngine,False,2,"Executes modal spectrum wave shaping constrained by the Mersenne-Fibonacci
Unity Frame Modulo expression."
Ready_to_Assist.ipynb,Function,__init__,False,2,
Ready_to_Assist.ipynb,Function,compute_unity_scaling,False,2,"Evaluates the Unity Frame Modulo expression:
(31 * [6^6 / 9^(1/9)^n] * [1/34 * Delta / 9] * 13) * [n / Delta = ...]"
Ready_to_Assist.ipynb,Function,generate_modal_spectrum,False,2,Generates Fibonacci-Fibonacci and Mersenne-scaled modal formant quadruples.
Ready_to_Assist.ipynb,Function,synthesize_modal_waveform,False,2,
Ready_to_Assist.ipynb,Function,evaluate_bilateral_stasis,False,2,
Ready_to_Assist.ipynb,Function,visualize_chladni_parity,False,4,
Ready_to_Assist.ipynb,Function,calculate_r3_parity,False,6,
Ready_to_Assist.ipynb,Function,calculate_thd,False,12,
Ready_to_Assist.ipynb,Function,synthesize_refined_orchestrator,False,14,
Ready_to_Assist.ipynb,Function,apply_energetic_refactor,False,18,
Ready_to_Assist.ipynb,Function,synthesize_low_refactor,False,19,
Ready_to_Assist.ipynb,Function,apply_phase_wave_limiter,False,21,Applies harmonic frequency regulation and edge-ranged vibronic scaling.
Ready_to_Assist.ipynb,Function,generate_phonic_inducer,False,23,
Ready_to_Assist.ipynb,Function,check_linguistic_autocorrelation,False,25,
Ready_to_Assist.ipynb,Function,analyze_word_emergence_signatures,False,27,
Ready_to_Assist.ipynb,Function,visualize_emergence_mapping,False,29,
Ready_to_Assist.ipynb,Function,verify_secondary_cutoff,False,31,
Ready_to_Assist.ipynb,Function,synthesize_intonation_sequence,False,40,
Ready_to_Assist.ipynb,Function,synthesize_modulated_vibronics,False,42,
Ready_to_Assist.ipynb,Function,synthesize_gravitational_detanglement,False,44,
Half_assed_Attempt_at_Collated_Gitrepo_AutoPoET_←_repo_http_.ipynb,Class,TwoMassParameters,False,2,
Half_assed_Attempt_at_Collated_Gitrepo_AutoPoET_←_repo_http_.ipynb,Class,SovereignTwoMassGlottalSource,False,2,"Executes 4th-Order Runge-Kutta numerical integration of self-oscillating

vocal folds under Bernoulli pressure drops and mucosal shear coupling."
Half_assed_Attempt_at_Collated_Gitrepo_AutoPoET_←_repo_http_.ipynb,Class,BEMSlice2D,False,4,
Half_assed_Attempt_at_Collated_Gitrepo_AutoPoET_←_repo_http_.ipynb,Class,CoupledBEMWebsterEngine,False,4,Cascades 2D BEM-parameterized vocal tract slices into a lossy transmission matrix chain.
Half_assed_Attempt_at_Collated_Gitrepo_AutoPoET_←_repo_http_.ipynb,Class,BoundaryElement2D,False,6,
Half_assed_Attempt_at_Collated_Gitrepo_AutoPoET_←_repo_http_.ipynb,Class,HelmholtzBEMSolver2D,False,6,"Solves the 2D Helmholtz boundary integral equation via Gauss-Legendre quadrature

and analytic logarithmic singularity self-integration."
Half_assed_Attempt_at_Collated_Gitrepo_AutoPoET_←_repo_http_.ipynb,Class,SovereignCoarticulationSynthesizer,False,8,"Synthesizes dynamic CV transitions using acoustic locus equations and

sample-by-sample Direct Form II Transposed biquad filtering."
Half_assed_Attempt_at_Collated_Gitrepo_AutoPoET_←_repo_http_.ipynb,Class,AdvancedStopNasalSynthesizer,False,10,"Implements acoustic stub antiformants (zeroes) for nasals (/m, n/)

and turbulent aspiration noise with Voice Onset Time (VOT) for /p, t, k/."
Half_assed_Attempt_at_Collated_Gitrepo_AutoPoET_←_repo_http_.ipynb,Class,GlyphicAcousticTransducer,False,12,"Converts visual glyph strokes directly into vocal tract acoustic formants

without linguistic text models or arbitrary token tables."
Half_assed_Attempt_at_Collated_Gitrepo_AutoPoET_←_repo_http_.ipynb,Class,QuantuMetricVibronicParser,False,14,Translates linguistic strings into physical Data-Molecules.
Half_assed_Attempt_at_Collated_Gitrepo_AutoPoET_←_repo_http_.ipynb,Function,__init__,False,2,
Half_assed_Attempt_at_Collated_Gitrepo_AutoPoET_←_repo_http_.ipynb,Function,_derivatives,False,2,
Half_assed_Attempt_at_Collated_Gitrepo_AutoPoET_←_repo_http_.ipynb,Function,generate_flow,False,2,
Half_assed_Attempt_at_Collated_Gitrepo_AutoPoET_←_repo_http_.ipynb,Function,compute_invariants,False,4,"Shoelace formula for Area S, boundary Perimeter P, Hydraulic Radius Rh, and Compactness."
Half_assed_Attempt_at_Collated_Gitrepo_AutoPoET_←_repo_http_.ipynb,Function,__init__,False,4,
Half_assed_Attempt_at_Collated_Gitrepo_AutoPoET_←_repo_http_.ipynb,Function,_extract_geometry,False,4,
Half_assed_Attempt_at_Collated_Gitrepo_AutoPoET_←_repo_http_.ipynb,Function,_radiation_impedance,False,4,Levine-Schwinger baffled piston radiation impedance at the lip aperture.
Half_assed_Attempt_at_Collated_Gitrepo_AutoPoET_←_repo_http_.ipynb,Function,solve_vttf,False,4,
Half_assed_Attempt_at_Collated_Gitrepo_AutoPoET_←_repo_http_.ipynb,Function,length,False,6,
Half_assed_Attempt_at_Collated_Gitrepo_AutoPoET_←_repo_http_.ipynb,Function,midpoint,False,6,
Half_assed_Attempt_at_Collated_Gitrepo_AutoPoET_←_repo_http_.ipynb,Function,normal,False,6,
Half_assed_Attempt_at_Collated_Gitrepo_AutoPoET_←_repo_http_.ipynb,Function,__init__,False,6,
Half_assed_Attempt_at_Collated_Gitrepo_AutoPoET_←_repo_http_.ipynb,Function,_assemble,False,6,
Half_assed_Attempt_at_Collated_Gitrepo_AutoPoET_←_repo_http_.ipynb,Function,solve,False,6,Robin boundary condition: q = -i*k*beta*psi + v_drive.
Half_assed_Attempt_at_Collated_Gitrepo_AutoPoET_←_repo_http_.ipynb,Function,__init__,False,8,
Half_assed_Attempt_at_Collated_Gitrepo_AutoPoET_←_repo_http_.ipynb,Function,_rosenberg_glottal_pulse,False,8,
Half_assed_Attempt_at_Collated_Gitrepo_AutoPoET_←_repo_http_.ipynb,Function,synthesize_syllable,False,8,
Half_assed_Attempt_at_Collated_Gitrepo_AutoPoET_←_repo_http_.ipynb,Function,__init__,False,10,
Half_assed_Attempt_at_Collated_Gitrepo_AutoPoET_←_repo_http_.ipynb,Function,synthesize,False,10,
Half_assed_Attempt_at_Collated_Gitrepo_AutoPoET_←_repo_http_.ipynb,Function,__init__,False,12,
Half_assed_Attempt_at_Collated_Gitrepo_AutoPoET_←_repo_http_.ipynb,Function,evaluate_stroke_curvature,False,12,
Half_assed_Attempt_at_Collated_Gitrepo_AutoPoET_←_repo_http_.ipynb,Function,transduce_glyph_to_sound,False,12,
Half_assed_Attempt_at_Collated_Gitrepo_AutoPoET_←_repo_http_.ipynb,Function,__init__,False,14,
Half_assed_Attempt_at_Collated_Gitrepo_AutoPoET_←_repo_http_.ipynb,Function,analyze_molecule,False,14,
Token_Minting_geom_skillb_skillb_sub_set_and_skill_or_skil_.ipynb,Class,TaskClassification,False,2,
Token_Minting_geom_skillb_skillb_sub_set_and_skill_or_skil_.ipynb,Class,ProcessObject,False,2,
Token_Minting_geom_skillb_skillb_sub_set_and_skill_or_skil_.ipynb,Class,SwarmTelemetry,False,2,
Token_Minting_geom_skillb_skillb_sub_set_and_skill_or_skil_.ipynb,Class,CellLogicRegister,False,2,Substrate register handling [RRRR|IIII] 8-bit packed complex cells.
Token_Minting_geom_skillb_skillb_sub_set_and_skill_or_skil_.ipynb,Class,DeterministicKeyAgreement,False,2,Derives cryptographic envelope keys without network transmission.
Token_Minting_geom_skillb_skillb_sub_set_and_skill_or_skil_.ipynb,Class,IsomorphicGroundStateEngine,False,2,Maintains alignment to G0 = 0.8421 and evaluates Sheaf Laplacian consensus.
Token_Minting_geom_skillb_skillb_sub_set_and_skill_or_skil_.ipynb,Class,BatchedKernelDispatcher,False,2,Batches kernel tasks to minimize execution and IPC overhead.
Token_Minting_geom_skillb_skillb_sub_set_and_skill_or_skil_.ipynb,Class,AdaptiveSwarmOrchestrator,False,2,Multi-tier adaptive orchestrator governing triage and execution.
Token_Minting_geom_skillb_skillb_sub_set_and_skill_or_skil_.ipynb,Class,HederaTokenOrchestrator,False,5,Extends the Swarm Orchestrator for Hedera Tokenization.
Token_Minting_geom_skillb_skillb_sub_set_and_skill_or_skil_.ipynb,Class,HederaLiveSigner,False,9,Refactored orchestrator for live signing on Hedera Testnet.
Token_Minting_geom_skillb_skillb_sub_set_and_skill_or_skil_.ipynb,Function,is_frame_boundary,False,2,
Token_Minting_geom_skillb_skillb_sub_set_and_skill_or_skil_.ipynb,Function,pack_cells,False,2,
Token_Minting_geom_skillb_skillb_sub_set_and_skill_or_skil_.ipynb,Function,unpack_cells,False,2,
Token_Minting_geom_skillb_skillb_sub_set_and_skill_or_skil_.ipynb,Function,compute_null_lane_parity,False,2,
Token_Minting_geom_skillb_skillb_sub_set_and_skill_or_skil_.ipynb,Function,__init__,False,2,
Token_Minting_geom_skillb_skillb_sub_set_and_skill_or_skil_.ipynb,Function,record_operation,False,2,
Token_Minting_geom_skillb_skillb_sub_set_and_skill_or_skil_.ipynb,Function,derive_envelope_key,False,2,
Token_Minting_geom_skillb_skillb_sub_set_and_skill_or_skil_.ipynb,Function,__init__,False,2,
Token_Minting_geom_skillb_skillb_sub_set_and_skill_or_skil_.ipynb,Function,ground_transform,False,2,
Token_Minting_geom_skillb_skillb_sub_set_and_skill_or_skil_.ipynb,Function,compute_mirror_pair,False,2,
Token_Minting_geom_skillb_skillb_sub_set_and_skill_or_skil_.ipynb,Function,verify_laplacian_lock,False,2,
Token_Minting_geom_skillb_skillb_sub_set_and_skill_or_skil_.ipynb,Function,__init__,False,2,
Token_Minting_geom_skillb_skillb_sub_set_and_skill_or_skil_.ipynb,Function,enqueue,False,2,
Token_Minting_geom_skillb_skillb_sub_set_and_skill_or_skil_.ipynb,Function,flush,False,2,
Token_Minting_geom_skillb_skillb_sub_set_and_skill_or_skil_.ipynb,Function,__init__,False,2,
Token_Minting_geom_skillb_skillb_sub_set_and_skill_or_skil_.ipynb,Function,triage_task,False,2,
Token_Minting_geom_skillb_skillb_sub_set_and_skill_or_skil_.ipynb,Function,execute_closed_deterministic,False,2,
Token_Minting_geom_skillb_skillb_sub_set_and_skill_or_skil_.ipynb,Function,execute_disparate_inclusion,False,2,
Token_Minting_geom_skillb_skillb_sub_set_and_skill_or_skil_.ipynb,Function,run_pipeline,False,2,
Token_Minting_geom_skillb_skillb_sub_set_and_skill_or_skil_.ipynb,Function,generate_hedera_key_commitment,False,5,"Converts the locally derived Swarm Envelope Key into a format
suitable for Hedera's ED25519 or ECDSA key requirements."
Token_Minting_geom_skillb_skillb_sub_set_and_skill_or_skil_.ipynb,Function,__init__,False,9,
Token_Minting_geom_skillb_skillb_sub_set_and_skill_or_skil_.ipynb,Function,derive_hedera_keypair,False,9,"Derives a deterministic private key from the swarm key agreement.
This simulates the hedera-sdk-py PrivateKey.fromSeed() method."
Token_Minting_geom_skillb_skillb_sub_set_and_skill_or_skil_.ipynb,Function,sign_transaction_payload,False,9,Signs a transaction payload using the swarm-derived key.
Token_Minting_geom_skillb_skillb_sub_set_and_skill_or_skil_.ipynb,Function,get_live_client,False,16,
Token_Minting_geom_skillb_skillb_sub_set_and_skill_or_skil_.ipynb,Function,submit_to_hedera,False,18,
Token_Minting_geom_skillb_skillb_sub_set_and_skill_or_skil_.ipynb,Function,verify_hedera_token_balance,False,21,
Token_Minting_geom_skillb_skillb_sub_set_and_skill_or_skil_.ipynb,Function,query_token_info,False,22,
Token_Minting_geom_skillb_skillb_sub_set_and_skill_or_skil_.ipynb,Function,query_account_token_balance,False,23,
Token_Minting_geom_skillb_skillb_sub_set_and_skill_or_skil_.ipynb,Function,burn_swarm_tokens,False,24,
Token_Minting_geom_skillb_skillb_sub_set_and_skill_or_skil_.ipynb,Function,deploy_sovereign_vault,False,30,
Token_Minting_geom_skillb_skillb_sub_set_and_skill_or_skil_.ipynb,Function,get_previewnet_client,False,31,
Token_Minting_geom_skillb_skillb_sub_set_and_skill_or_skil_.ipynb,Function,deploy_sovereign_rdlz_to_previewnet,False,32,
Token_Minting_geom_skillb_skillb_sub_set_and_skill_or_skil_.ipynb,Function,check_previewnet_balance_with_retry,False,34,
Token_Minting_geom_skillb_skillb_sub_set_and_skill_or_skil_.ipynb,Function,request_previewnet_hbar,False,35,"Requests HBAR from the Hedera Previewnet faucet.
Note: This uses the public portal API which might require a Recaptcha in a browser,
but we can attempt a programmatic trigger for the testnet/previewnet faucet."
Token_Minting_geom_skillb_skillb_sub_set_and_skill_or_skil_.ipynb,Function,execute_with_backoff,False,36,
Token_Minting_geom_skillb_skillb_sub_set_and_skill_or_skil_.ipynb,Function,deploy_vault_resilient,False,36,
Token_Minting_geom_skillb_skillb_sub_set_and_skill_or_skil_.ipynb,Function,create_contract,False,36,
ASAAS_Monolithic_Substrate_Ignition.ipynb,Function,stream_telemetry_registry,False,9,Generator to handle large registry logs efficiently.
export_real_time_webgl_glyph_to_plate_modal_defor.ipynb,Class,GlyphGeometricFeatures,False,2,
export_real_time_webgl_glyph_to_plate_modal_defor.ipynb,Class,MorphoAcousticTransducer,False,2,"Translates geometric glyph features directly into acoustic formants,
impedance tensors, and biharmonic modal eigenvalues."
export_real_time_webgl_glyph_to_plate_modal_defor.ipynb,Class,OmnilingualSpeechSynthesizer,False,2,Synthesizes acoustic PCM waveforms directly from deduced formant quadruples.
export_real_time_webgl_glyph_to_plate_modal_defor.ipynb,Function,run_demonstration,False,2,
export_real_time_webgl_glyph_to_plate_modal_defor.ipynb,Function,__init__,False,2,
export_real_time_webgl_glyph_to_plate_modal_defor.ipynb,Function,deduce_acoustics_from_geometry,False,2,
export_real_time_webgl_glyph_to_plate_modal_defor.ipynb,Function,__init__,False,2,
export_real_time_webgl_glyph_to_plate_modal_defor.ipynb,Function,_generate_glottal_excitation,False,2,
export_real_time_webgl_glyph_to_plate_modal_defor.ipynb,Function,synthesize_glyph_tone,False,2,
Mersenne_Recursive_NAMI_Dual_Recursive_Adjudicator.ipynb,Class,NAMIConstants,False,2,
Mersenne_Recursive_NAMI_Dual_Recursive_Adjudicator.ipynb,Class,DualRecursiveEngine,False,2,
Mersenne_Recursive_NAMI_Dual_Recursive_Adjudicator.ipynb,Function,__init__,False,2,Initializes the Dual-Recursive engine with physical constants and known mathematical anchors.
Mersenne_Recursive_NAMI_Dual_Recursive_Adjudicator.ipynb,Function,_determine_structural_integrity,False,2,"Internal check to determine if the Mersenne prime candidate p is a known flawless prime.

Args:
    p (int): The exponent of the Mersenne candidate (2^p - 1).
Returns:
    bool: True if p represents a verified Mersenne prime or sovereign anchor."
Mersenne_Recursive_NAMI_Dual_Recursive_Adjudicator.ipynb,Function,evaluate_macro_integer_endpoint,False,2,"Phase 1: The Forward Integer Endpoint.
Calculates the modular emergence of the candidate in the macroscopic scale.
Utilizes the geometric constant 128 for odd primes p >= 7.

Args:
    p (int): The exponent of the Mersenne candidate.
Returns:
    int: The modular result (typically targeting the resonance node 127)."
Mersenne_Recursive_NAMI_Dual_Recursive_Adjudicator.ipynb,Function,evaluate_micro_decimal_endpoint,False,2,"Phase 2: The Inversional Decimal Endpoint (God Equation).
Evaluates the fractional decay using physical constants to find the topological coordinate.

Args:
    p (int): The exponent of the Mersenne candidate.
    is_flawless (bool): Result of the integrity check.
Returns:
    tuple: (decay depth in log10, micro-coordinate on the resonance lattice)."
Mersenne_Recursive_NAMI_Dual_Recursive_Adjudicator.ipynb,Function,adjudicate_candidate,False,2,"Phase 3: Geometric Linear Congruence.
Executes the pincer movement by comparing macro and micro coordinates to verify primality.

Args:
    p (int): The exponent of the Mersenne candidate.
    label (str): Human-readable name for the candidate.
Returns:
    dict: A dictionary containing p, label, coordinates, drift, and the final verdict."
Mersenne_Recursive_NAMI_Dual_Recursive_Adjudicator.ipynb,Function,generate_scalar_modulation_matrix,False,7,"Calculates the modulation scalar between the integer Mersenne lattice
and the fractional curvature decay."
Mersenne_Recursive_NAMI_Dual_Recursive_Adjudicator.ipynb,Function,get_derivative,False,38,
Mersenne_Recursive_NAMI_Dual_Recursive_Adjudicator.ipynb,Function,calculate_derivative,False,45,
Mersenne_Recursive_NAMI_Dual_Recursive_Adjudicator.ipynb,Function,calculate_scaled_log_p,False,49,
Mersenne_Recursive_NAMI_Dual_Recursive_Adjudicator.ipynb,Function,classify_zone,False,65,
Mersenne_Recursive_NAMI_Dual_Recursive_Adjudicator.ipynb,Function,get_res_at,False,78,
Mersenne_Recursive_NAMI_Dual_Recursive_Adjudicator.ipynb,Function,snr_equation,False,83,
Mersenne_Recursive_NAMI_Dual_Recursive_Adjudicator.ipynb,Function,snr_strict_equation,False,84,
Mersenne_Hyperprocessor_MultiCore_MSCL_Framework_.ipynb,Class,PlatformLogger,False,32,
Mersenne_Hyperprocessor_MultiCore_MSCL_Framework_.ipynb,Class,QuantumBridge,False,60,
Mersenne_Hyperprocessor_MultiCore_MSCL_Framework_.ipynb,Class,VectorPointModel,False,63,
Mersenne_Hyperprocessor_MultiCore_MSCL_Framework_.ipynb,Class,PlatformOrchestrator,False,66,
Mersenne_Hyperprocessor_MultiCore_MSCL_Framework_.ipynb,Class,PlatformOrchestrator,False,68,
Mersenne_Hyperprocessor_MultiCore_MSCL_Framework_.ipynb,Class,AsyncQuantumBridge,False,74,
Mersenne_Hyperprocessor_MultiCore_MSCL_Framework_.ipynb,Class,EnhancedVectorPointModel,False,77,
Mersenne_Hyperprocessor_MultiCore_MSCL_Framework_.ipynb,Class,AutoCorrectingDebugger,False,80,
Mersenne_Hyperprocessor_MultiCore_MSCL_Framework_.ipynb,Class,MirrorOrchestrator,False,122,
Mersenne_Hyperprocessor_MultiCore_MSCL_Framework_.ipynb,Class,PrimeAnchoredVectorPointModel,False,125,
Mersenne_Hyperprocessor_MultiCore_MSCL_Framework_.ipynb,Class,EnhancedQuantumBridge,False,133,
Mersenne_Hyperprocessor_MultiCore_MSCL_Framework_.ipynb,Class,EnhancedQuantumBridge,False,135,
Mersenne_Hyperprocessor_MultiCore_MSCL_Framework_.ipynb,Class,EnhancedQuantumBridge,False,137,
Mersenne_Hyperprocessor_MultiCore_MSCL_Framework_.ipynb,Class,TernaryCongruentModel,False,142,
Mersenne_Hyperprocessor_MultiCore_MSCL_Framework_.ipynb,Class,PrimeAnchoredVectorPointModel,False,145,
Mersenne_Hyperprocessor_MultiCore_MSCL_Framework_.ipynb,Class,MirrorOrchestrator,False,151,
Mersenne_Hyperprocessor_MultiCore_MSCL_Framework_.ipynb,Class,FlexReflexDebugger,False,154,
Mersenne_Hyperprocessor_MultiCore_MSCL_Framework_.ipynb,Class,WavePulseBridge,False,166,
Mersenne_Hyperprocessor_MultiCore_MSCL_Framework_.ipynb,Class,SequentialMirrorOrchestrator,False,172,
Mersenne_Hyperprocessor_MultiCore_MSCL_Framework_.ipynb,Class,DynamicLatticeController,False,175,
Mersenne_Hyperprocessor_MultiCore_MSCL_Framework_.ipynb,Class,FlexReflexDebugger,False,178,
Mersenne_Hyperprocessor_MultiCore_MSCL_Framework_.ipynb,Class,InductionIonizationBridge,False,189,
Mersenne_Hyperprocessor_MultiCore_MSCL_Framework_.ipynb,Class,SequentialLatticeOrchestrator,False,192,
Mersenne_Hyperprocessor_MultiCore_MSCL_Framework_.ipynb,Class,QuadraticStateDebugger,False,197,
Mersenne_Hyperprocessor_MultiCore_MSCL_Framework_.ipynb,Class,LatticingDeterminismModel,False,206,
Mersenne_Hyperprocessor_MultiCore_MSCL_Framework_.ipynb,Class,SensoryArray,False,209,
Mersenne_Hyperprocessor_MultiCore_MSCL_Framework_.ipynb,Class,RevectorizationBridge,False,216,
Mersenne_Hyperprocessor_MultiCore_MSCL_Framework_.ipynb,Class,CleanRevectorBridge,False,218,
Mersenne_Hyperprocessor_MultiCore_MSCL_Framework_.ipynb,Class,ResonanceBridge,False,227,
Mersenne_Hyperprocessor_MultiCore_MSCL_Framework_.ipynb,Class,FullSensoryArrayOrchestrator,False,229,
Mersenne_Hyperprocessor_MultiCore_MSCL_Framework_.ipynb,Class,SafeRangeCoolingOrchestrator,False,236,
Mersenne_Hyperprocessor_MultiCore_MSCL_Framework_.ipynb,Class,PolarCongruenceBridge,False,239,
Mersenne_Hyperprocessor_MultiCore_MSCL_Framework_.ipynb,Class,RobustQuantumBridge,False,277,
Mersenne_Hyperprocessor_MultiCore_MSCL_Framework_.ipynb,Class,FixedSequentialMirrorOrchestrator,False,281,
Mersenne_Hyperprocessor_MultiCore_MSCL_Framework_.ipynb,Class,BaremetalRustManager,False,348,
Mersenne_Hyperprocessor_MultiCore_MSCL_Framework_.ipynb,Class,CentralOrchestrator,False,392,
Mersenne_Hyperprocessor_MultiCore_MSCL_Framework_.ipynb,Class,Command,False,404,
Mersenne_Hyperprocessor_MultiCore_MSCL_Framework_.ipynb,Class,AdvancedFFIBridge,False,404,
Mersenne_Hyperprocessor_MultiCore_MSCL_Framework_.ipynb,Class,CudaOxideBridge,False,412,
Mersenne_Hyperprocessor_MultiCore_MSCL_Framework_.ipynb,Class,CollaborativeOrchestrator,False,412,
Mersenne_Hyperprocessor_MultiCore_MSCL_Framework_.ipynb,Class,InterconnectedLatticeModel,False,415,
Mersenne_Hyperprocessor_MultiCore_MSCL_Framework_.ipynb,Class,DynamicKernelManager,False,418,
Mersenne_Hyperprocessor_MultiCore_MSCL_Framework_.ipynb,Class,AdvancedOrchestrator,False,423,
Mersenne_Hyperprocessor_MultiCore_MSCL_Framework_.ipynb,Class,PlatformLogger,False,426,
Mersenne_Hyperprocessor_MultiCore_MSCL_Framework_.ipynb,Class,AutoCorrectingDebugger,False,426,
Mersenne_Hyperprocessor_MultiCore_MSCL_Framework_.ipynb,Class,PlatformLogger,False,428,
Mersenne_Hyperprocessor_MultiCore_MSCL_Framework_.ipynb,Class,AutoCorrectingDebugger,False,428,
Mersenne_Hyperprocessor_MultiCore_MSCL_Framework_.ipynb,Class,PlatformLogger,False,432,
Mersenne_Hyperprocessor_MultiCore_MSCL_Framework_.ipynb,Class,AutoCorrectingDebugger,False,432,
Mersenne_Hyperprocessor_MultiCore_MSCL_Framework_.ipynb,Class,PlatformLogger,False,434,
Mersenne_Hyperprocessor_MultiCore_MSCL_Framework_.ipynb,Class,AutoCorrectingDebugger,False,434,
Mersenne_Hyperprocessor_MultiCore_MSCL_Framework_.ipynb,Class,MemoryOrchestrator,False,456,
Mersenne_Hyperprocessor_MultiCore_MSCL_Framework_.ipynb,Class,PersistentMemoryOrchestrator,False,459,
Mersenne_Hyperprocessor_MultiCore_MSCL_Framework_.ipynb,Class,HashBasedRouter,False,474,
Mersenne_Hyperprocessor_MultiCore_MSCL_Framework_.ipynb,Class,PriorityTaskQueue,False,477,
Mersenne_Hyperprocessor_MultiCore_MSCL_Framework_.ipynb,Class,HashIntegrityDebugger,False,485,
Mersenne_Hyperprocessor_MultiCore_MSCL_Framework_.ipynb,Class,HashIntegrityDebugger,False,487,
Mersenne_Hyperprocessor_MultiCore_MSCL_Framework_.ipynb,Class,FlexReflexDebugger,False,489,
Mersenne_Hyperprocessor_MultiCore_MSCL_Framework_.ipynb,Class,HashIntegrityDebugger,False,489,
Mersenne_Hyperprocessor_MultiCore_MSCL_Framework_.ipynb,Class,OptimizedMemoryOrchestrator,False,522,
Mersenne_Hyperprocessor_MultiCore_MSCL_Framework_.ipynb,Class,OptimizedMemoryOrchestrator,False,524,
Mersenne_Hyperprocessor_MultiCore_MSCL_Framework_.ipynb,Function,restore_platform_state,False,5,
Mersenne_Hyperprocessor_MultiCore_MSCL_Framework_.ipynb,Function,__init__,False,32,
Mersenne_Hyperprocessor_MultiCore_MSCL_Framework_.ipynb,Function,start_run,False,32,
Mersenne_Hyperprocessor_MultiCore_MSCL_Framework_.ipynb,Function,log_message,False,32,
Mersenne_Hyperprocessor_MultiCore_MSCL_Framework_.ipynb,Function,log_prompt_response,False,32,
Mersenne_Hyperprocessor_MultiCore_MSCL_Framework_.ipynb,Function,__init__,False,60,
Mersenne_Hyperprocessor_MultiCore_MSCL_Framework_.ipynb,Function,calculate_residue,False,60,
Mersenne_Hyperprocessor_MultiCore_MSCL_Framework_.ipynb,Function,__init__,False,63,
Mersenne_Hyperprocessor_MultiCore_MSCL_Framework_.ipynb,Function,initialize_lattice,False,63,
Mersenne_Hyperprocessor_MultiCore_MSCL_Framework_.ipynb,Function,calculate_all_residues,False,63,
Mersenne_Hyperprocessor_MultiCore_MSCL_Framework_.ipynb,Function,__init__,False,66,
Mersenne_Hyperprocessor_MultiCore_MSCL_Framework_.ipynb,Function,parallel_compute_residues,False,66,
Mersenne_Hyperprocessor_MultiCore_MSCL_Framework_.ipynb,Function,worker_task,False,66,
Mersenne_Hyperprocessor_MultiCore_MSCL_Framework_.ipynb,Function,worker_task,False,68,
Mersenne_Hyperprocessor_MultiCore_MSCL_Framework_.ipynb,Function,__init__,False,68,
Mersenne_Hyperprocessor_MultiCore_MSCL_Framework_.ipynb,Function,parallel_compute_residues,False,68,
Mersenne_Hyperprocessor_MultiCore_MSCL_Framework_.ipynb,Function,run_async_test,False,74,
Mersenne_Hyperprocessor_MultiCore_MSCL_Framework_.ipynb,Function,__init__,False,74,
Mersenne_Hyperprocessor_MultiCore_MSCL_Framework_.ipynb,Function,calculate_residue_async,False,74,Wraps the blocking bridge call in a thread to avoid blocking the event loop.
Mersenne_Hyperprocessor_MultiCore_MSCL_Framework_.ipynb,Function,update_schema,False,77,
Mersenne_Hyperprocessor_MultiCore_MSCL_Framework_.ipynb,Function,__init__,False,77,
Mersenne_Hyperprocessor_MultiCore_MSCL_Framework_.ipynb,Function,update_point_state,False,77,
Mersenne_Hyperprocessor_MultiCore_MSCL_Framework_.ipynb,Function,validate_data,False,77,Check for NaNs or Inf in the lattice data.
Mersenne_Hyperprocessor_MultiCore_MSCL_Framework_.ipynb,Function,__init__,False,80,
Mersenne_Hyperprocessor_MultiCore_MSCL_Framework_.ipynb,Function,handle_exception,False,80,Intercepts exceptions and attempts recovery based on error type.
Mersenne_Hyperprocessor_MultiCore_MSCL_Framework_.ipynb,Function,_attempt_library_recovery,False,80,
Mersenne_Hyperprocessor_MultiCore_MSCL_Framework_.ipynb,Function,_attempt_ffi_reset,True,80,
Mersenne_Hyperprocessor_MultiCore_MSCL_Framework_.ipynb,Function,parallel_worker_wrapper,False,83,
Mersenne_Hyperprocessor_MultiCore_MSCL_Framework_.ipynb,Function,execute_platform_run,False,83,
Mersenne_Hyperprocessor_MultiCore_MSCL_Framework_.ipynb,Function,primary_task,False,122,
Mersenne_Hyperprocessor_MultiCore_MSCL_Framework_.ipynb,Function,mirror_task,False,122,
Mersenne_Hyperprocessor_MultiCore_MSCL_Framework_.ipynb,Function,__init__,False,122,
Mersenne_Hyperprocessor_MultiCore_MSCL_Framework_.ipynb,Function,execute_mirror_run,False,122,
Mersenne_Hyperprocessor_MultiCore_MSCL_Framework_.ipynb,Function,is_prime,False,125,
Mersenne_Hyperprocessor_MultiCore_MSCL_Framework_.ipynb,Function,__init__,False,125,
Mersenne_Hyperprocessor_MultiCore_MSCL_Framework_.ipynb,Function,calculate_prime_density_offset,False,125,
Mersenne_Hyperprocessor_MultiCore_MSCL_Framework_.ipynb,Function,initialize_anchored_lattice,False,125,
Mersenne_Hyperprocessor_MultiCore_MSCL_Framework_.ipynb,Function,get_anchored_residues,False,125,
Mersenne_Hyperprocessor_MultiCore_MSCL_Framework_.ipynb,Function,__init__,False,133,
Mersenne_Hyperprocessor_MultiCore_MSCL_Framework_.ipynb,Function,verify_symmetry,False,133,
Mersenne_Hyperprocessor_MultiCore_MSCL_Framework_.ipynb,Function,__init__,False,135,
Mersenne_Hyperprocessor_MultiCore_MSCL_Framework_.ipynb,Function,verify_symmetry,False,135,
Mersenne_Hyperprocessor_MultiCore_MSCL_Framework_.ipynb,Function,__init__,False,137,
Mersenne_Hyperprocessor_MultiCore_MSCL_Framework_.ipynb,Function,verify_symmetry,False,137,
Mersenne_Hyperprocessor_MultiCore_MSCL_Framework_.ipynb,Function,__init__,False,142,
Mersenne_Hyperprocessor_MultiCore_MSCL_Framework_.ipynb,Function,_initialize_ternary_lattice,False,142,
Mersenne_Hyperprocessor_MultiCore_MSCL_Framework_.ipynb,Function,is_prime,False,145,
Mersenne_Hyperprocessor_MultiCore_MSCL_Framework_.ipynb,Function,__init__,False,145,
Mersenne_Hyperprocessor_MultiCore_MSCL_Framework_.ipynb,Function,calculate_prime_density_offset,False,145,
Mersenne_Hyperprocessor_MultiCore_MSCL_Framework_.ipynb,Function,initialize_anchored_lattice,False,145,
Mersenne_Hyperprocessor_MultiCore_MSCL_Framework_.ipynb,Function,run_symmetry_audit,False,151,
Mersenne_Hyperprocessor_MultiCore_MSCL_Framework_.ipynb,Function,__init__,False,151,
Mersenne_Hyperprocessor_MultiCore_MSCL_Framework_.ipynb,Function,execute_1536_logic_flow,False,151,
Mersenne_Hyperprocessor_MultiCore_MSCL_Framework_.ipynb,Function,simulate_flex_reflex_check,False,154,
Mersenne_Hyperprocessor_MultiCore_MSCL_Framework_.ipynb,Function,handle_symmetry_breach,False,154,Specialized handler for inversional mirror reflection errors.
Mersenne_Hyperprocessor_MultiCore_MSCL_Framework_.ipynb,Function,__init__,False,166,
Mersenne_Hyperprocessor_MultiCore_MSCL_Framework_.ipynb,Function,analog_wave,False,166,
Mersenne_Hyperprocessor_MultiCore_MSCL_Framework_.ipynb,Function,digital_pulse,False,166,
Mersenne_Hyperprocessor_MultiCore_MSCL_Framework_.ipynb,Function,calculate_quadrilateral_integrity,False,169,
Mersenne_Hyperprocessor_MultiCore_MSCL_Framework_.ipynb,Function,run_bbff_trace,False,172,
Mersenne_Hyperprocessor_MultiCore_MSCL_Framework_.ipynb,Function,execute_bbff_trace,False,172,
Mersenne_Hyperprocessor_MultiCore_MSCL_Framework_.ipynb,Function,__init__,False,175,
Mersenne_Hyperprocessor_MultiCore_MSCL_Framework_.ipynb,Function,evaluate_structural_flex,False,175,
Mersenne_Hyperprocessor_MultiCore_MSCL_Framework_.ipynb,Function,adjust_lattice,False,175,
Mersenne_Hyperprocessor_MultiCore_MSCL_Framework_.ipynb,Function,audit_lattice_stability,False,178,
Mersenne_Hyperprocessor_MultiCore_MSCL_Framework_.ipynb,Function,__init__,False,178,
Mersenne_Hyperprocessor_MultiCore_MSCL_Framework_.ipynb,Function,handle_migration_anomaly,False,178,Handles positional migration errors during inversional reflections.
Mersenne_Hyperprocessor_MultiCore_MSCL_Framework_.ipynb,Function,__init__,False,189,
Mersenne_Hyperprocessor_MultiCore_MSCL_Framework_.ipynb,Function,induction,False,189,
Mersenne_Hyperprocessor_MultiCore_MSCL_Framework_.ipynb,Function,ionization,False,189,
Mersenne_Hyperprocessor_MultiCore_MSCL_Framework_.ipynb,Function,run_perpendicular_trace,False,192,
Mersenne_Hyperprocessor_MultiCore_MSCL_Framework_.ipynb,Function,__init__,False,192,
Mersenne_Hyperprocessor_MultiCore_MSCL_Framework_.ipynb,Function,execute_bbff_tracing,False,192,
Mersenne_Hyperprocessor_MultiCore_MSCL_Framework_.ipynb,Function,__init__,False,197,
Mersenne_Hyperprocessor_MultiCore_MSCL_Framework_.ipynb,Function,audit_quadratic_stability,False,197,Monitors quadratic states to ensure conservation of process forward metrics.
Mersenne_Hyperprocessor_MultiCore_MSCL_Framework_.ipynb,Function,_log_bimiprefication_error,False,197,
Mersenne_Hyperprocessor_MultiCore_MSCL_Framework_.ipynb,Function,execute_final_matrix_validation,False,200,
Mersenne_Hyperprocessor_MultiCore_MSCL_Framework_.ipynb,Function,__init__,False,206,
Mersenne_Hyperprocessor_MultiCore_MSCL_Framework_.ipynb,Function,_initialize_awareness_matrix,False,206,
Mersenne_Hyperprocessor_MultiCore_MSCL_Framework_.ipynb,Function,calculate_congruence_delta,False,206,
Mersenne_Hyperprocessor_MultiCore_MSCL_Framework_.ipynb,Function,__init__,False,209,
Mersenne_Hyperprocessor_MultiCore_MSCL_Framework_.ipynb,Function,update_consciousness_markers,False,209,
Mersenne_Hyperprocessor_MultiCore_MSCL_Framework_.ipynb,Function,__init__,False,216,
Mersenne_Hyperprocessor_MultiCore_MSCL_Framework_.ipynb,Function,compute_correction,False,216,
Mersenne_Hyperprocessor_MultiCore_MSCL_Framework_.ipynb,Function,__init__,False,218,
Mersenne_Hyperprocessor_MultiCore_MSCL_Framework_.ipynb,Function,compute_correction,False,218,
Mersenne_Hyperprocessor_MultiCore_MSCL_Framework_.ipynb,Function,__init__,False,227,
Mersenne_Hyperprocessor_MultiCore_MSCL_Framework_.ipynb,Function,get_resonance,False,227,
Mersenne_Hyperprocessor_MultiCore_MSCL_Framework_.ipynb,Function,__init__,False,229,
Mersenne_Hyperprocessor_MultiCore_MSCL_Framework_.ipynb,Function,execute_sensory_scan,False,229,
Mersenne_Hyperprocessor_MultiCore_MSCL_Framework_.ipynb,Function,assess_autonomous_awareness,False,231,
Mersenne_Hyperprocessor_MultiCore_MSCL_Framework_.ipynb,Function,execute_adaptive_shunting,False,235,
Mersenne_Hyperprocessor_MultiCore_MSCL_Framework_.ipynb,Function,__init__,False,236,
Mersenne_Hyperprocessor_MultiCore_MSCL_Framework_.ipynb,Function,execute_safe_cooling,False,236,
Mersenne_Hyperprocessor_MultiCore_MSCL_Framework_.ipynb,Function,__init__,False,239,
Mersenne_Hyperprocessor_MultiCore_MSCL_Framework_.ipynb,Function,calculate_polar_field,False,239,
Mersenne_Hyperprocessor_MultiCore_MSCL_Framework_.ipynb,Function,classify_thermal_status,False,268,
Mersenne_Hyperprocessor_MultiCore_MSCL_Framework_.ipynb,Function,calculate_quadrilateral_integrity,False,276,
Mersenne_Hyperprocessor_MultiCore_MSCL_Framework_.ipynb,Function,__init__,False,277,
Mersenne_Hyperprocessor_MultiCore_MSCL_Framework_.ipynb,Function,compute_ionization,False,277,
Mersenne_Hyperprocessor_MultiCore_MSCL_Framework_.ipynb,Function,run_bbff_trace_fixed,False,281,
Mersenne_Hyperprocessor_MultiCore_MSCL_Framework_.ipynb,Function,execute_intelligent_universe_logic,False,281,
Mersenne_Hyperprocessor_MultiCore_MSCL_Framework_.ipynb,Function,execute_bbff_trace,False,281,
Mersenne_Hyperprocessor_MultiCore_MSCL_Framework_.ipynb,Function,simulate_higher_autopoiesis,False,283,
Mersenne_Hyperprocessor_MultiCore_MSCL_Framework_.ipynb,Function,simulate_load_resistance,False,291,
Mersenne_Hyperprocessor_MultiCore_MSCL_Framework_.ipynb,Function,simulate_adversarial_spike,False,304,
Mersenne_Hyperprocessor_MultiCore_MSCL_Framework_.ipynb,Function,execute_proof_realignment,False,304,
Mersenne_Hyperprocessor_MultiCore_MSCL_Framework_.ipynb,Function,calculate_distributive_autopoiesis,False,306,
Mersenne_Hyperprocessor_MultiCore_MSCL_Framework_.ipynb,Function,simulate_recursive_reinitialization,False,308,
Mersenne_Hyperprocessor_MultiCore_MSCL_Framework_.ipynb,Function,__init__,False,348,
Mersenne_Hyperprocessor_MultiCore_MSCL_Framework_.ipynb,Function,initialize_project,False,348,Creates a new Rust project and injects the provided source code.
Mersenne_Hyperprocessor_MultiCore_MSCL_Framework_.ipynb,Function,compile,False,348,Compiles the Rust project.
Mersenne_Hyperprocessor_MultiCore_MSCL_Framework_.ipynb,Function,run_binary,False,348,Launches the compiled binary as a shell-emulated process.
Mersenne_Hyperprocessor_MultiCore_MSCL_Framework_.ipynb,Function,__init__,False,392,
Mersenne_Hyperprocessor_MultiCore_MSCL_Framework_.ipynb,Function,run_secondary_layer,False,392,
Mersenne_Hyperprocessor_MultiCore_MSCL_Framework_.ipynb,Function,execute_collaboration,False,392,
Mersenne_Hyperprocessor_MultiCore_MSCL_Framework_.ipynb,Function,verify_toolchain,False,397,
Mersenne_Hyperprocessor_MultiCore_MSCL_Framework_.ipynb,Function,__init__,False,404,
Mersenne_Hyperprocessor_MultiCore_MSCL_Framework_.ipynb,Function,execute,False,404,
Mersenne_Hyperprocessor_MultiCore_MSCL_Framework_.ipynb,Function,__init__,False,412,
Mersenne_Hyperprocessor_MultiCore_MSCL_Framework_.ipynb,Function,compute,False,412,
Mersenne_Hyperprocessor_MultiCore_MSCL_Framework_.ipynb,Function,__init__,False,412,
Mersenne_Hyperprocessor_MultiCore_MSCL_Framework_.ipynb,Function,_run_secondary,False,412,
Mersenne_Hyperprocessor_MultiCore_MSCL_Framework_.ipynb,Function,execute_hybrid_stack,False,412,
Mersenne_Hyperprocessor_MultiCore_MSCL_Framework_.ipynb,Function,is_prime,False,415,
Mersenne_Hyperprocessor_MultiCore_MSCL_Framework_.ipynb,Function,__init__,False,415,
Mersenne_Hyperprocessor_MultiCore_MSCL_Framework_.ipynb,Function,_initialize_structure,False,415,
Mersenne_Hyperprocessor_MultiCore_MSCL_Framework_.ipynb,Function,__init__,False,418,
Mersenne_Hyperprocessor_MultiCore_MSCL_Framework_.ipynb,Function,prepare_kernel_project,False,418,Initializes a Rust library project for a specific kernel.
Mersenne_Hyperprocessor_MultiCore_MSCL_Framework_.ipynb,Function,compile_and_load,False,418,Compiles the kernel and loads the resulting .so into the process namespace.
Mersenne_Hyperprocessor_MultiCore_MSCL_Framework_.ipynb,Function,worker_numerical_task,False,423,Standalone function for process pool to execute kernel calls.
Mersenne_Hyperprocessor_MultiCore_MSCL_Framework_.ipynb,Function,__init__,False,423,
Mersenne_Hyperprocessor_MultiCore_MSCL_Framework_.ipynb,Function,setup_kernel,False,423,
Mersenne_Hyperprocessor_MultiCore_MSCL_Framework_.ipynb,Function,process_lattice_parallel,False,423,
Mersenne_Hyperprocessor_MultiCore_MSCL_Framework_.ipynb,Function,__init__,False,426,
Mersenne_Hyperprocessor_MultiCore_MSCL_Framework_.ipynb,Function,log_event,False,426,
Mersenne_Hyperprocessor_MultiCore_MSCL_Framework_.ipynb,Function,__init__,False,426,
Mersenne_Hyperprocessor_MultiCore_MSCL_Framework_.ipynb,Function,monitor_lattice,False,426,
Mersenne_Hyperprocessor_MultiCore_MSCL_Framework_.ipynb,Function,_write_correction_summary,False,426,
Mersenne_Hyperprocessor_MultiCore_MSCL_Framework_.ipynb,Function,__init__,False,428,
Mersenne_Hyperprocessor_MultiCore_MSCL_Framework_.ipynb,Function,log_event,False,428,
Mersenne_Hyperprocessor_MultiCore_MSCL_Framework_.ipynb,Function,__init__,False,428,
Mersenne_Hyperprocessor_MultiCore_MSCL_Framework_.ipynb,Function,monitor_lattice,False,428,
Mersenne_Hyperprocessor_MultiCore_MSCL_Framework_.ipynb,Function,_write_correction_summary,False,428,
Mersenne_Hyperprocessor_MultiCore_MSCL_Framework_.ipynb,Function,initialize_log_table,False,432,
Mersenne_Hyperprocessor_MultiCore_MSCL_Framework_.ipynb,Function,__init__,False,432,
Mersenne_Hyperprocessor_MultiCore_MSCL_Framework_.ipynb,Function,log_event,False,432,
Mersenne_Hyperprocessor_MultiCore_MSCL_Framework_.ipynb,Function,__init__,False,432,
Mersenne_Hyperprocessor_MultiCore_MSCL_Framework_.ipynb,Function,monitor_lattice,False,432,
Mersenne_Hyperprocessor_MultiCore_MSCL_Framework_.ipynb,Function,_write_correction_summary,False,432,
Mersenne_Hyperprocessor_MultiCore_MSCL_Framework_.ipynb,Function,initialize_log_table,False,434,
Mersenne_Hyperprocessor_MultiCore_MSCL_Framework_.ipynb,Function,__init__,False,434,
Mersenne_Hyperprocessor_MultiCore_MSCL_Framework_.ipynb,Function,log_event,False,434,
Mersenne_Hyperprocessor_MultiCore_MSCL_Framework_.ipynb,Function,__init__,False,434,
Mersenne_Hyperprocessor_MultiCore_MSCL_Framework_.ipynb,Function,monitor_lattice,False,434,
Mersenne_Hyperprocessor_MultiCore_MSCL_Framework_.ipynb,Function,_write_correction_summary,False,434,
Mersenne_Hyperprocessor_MultiCore_MSCL_Framework_.ipynb,Function,__init__,False,456,
Mersenne_Hyperprocessor_MultiCore_MSCL_Framework_.ipynb,Function,get_hash,False,456,
Mersenne_Hyperprocessor_MultiCore_MSCL_Framework_.ipynb,Function,store_hot,False,456,
Mersenne_Hyperprocessor_MultiCore_MSCL_Framework_.ipynb,Function,migrate_to_cool,False,456,
Mersenne_Hyperprocessor_MultiCore_MSCL_Framework_.ipynb,Function,__init__,False,459,
Mersenne_Hyperprocessor_MultiCore_MSCL_Framework_.ipynb,Function,_log_to_db,False,459,
Mersenne_Hyperprocessor_MultiCore_MSCL_Framework_.ipynb,Function,store_hot,False,459,
Mersenne_Hyperprocessor_MultiCore_MSCL_Framework_.ipynb,Function,migrate_to_cool,False,459,
Mersenne_Hyperprocessor_MultiCore_MSCL_Framework_.ipynb,Function,__init__,False,474,
Mersenne_Hyperprocessor_MultiCore_MSCL_Framework_.ipynb,Function,_generate_hash,False,474,
Mersenne_Hyperprocessor_MultiCore_MSCL_Framework_.ipynb,Function,route_node,False,474,
Mersenne_Hyperprocessor_MultiCore_MSCL_Framework_.ipynb,Function,__init__,False,477,
Mersenne_Hyperprocessor_MultiCore_MSCL_Framework_.ipynb,Function,push,False,477,
Mersenne_Hyperprocessor_MultiCore_MSCL_Framework_.ipynb,Function,pop,False,477,
Mersenne_Hyperprocessor_MultiCore_MSCL_Framework_.ipynb,Function,__len__,False,477,
Mersenne_Hyperprocessor_MultiCore_MSCL_Framework_.ipynb,Function,__init__,False,485,
Mersenne_Hyperprocessor_MultiCore_MSCL_Framework_.ipynb,Function,verify_and_recover,False,485,
Mersenne_Hyperprocessor_MultiCore_MSCL_Framework_.ipynb,Function,__init__,False,487,
Mersenne_Hyperprocessor_MultiCore_MSCL_Framework_.ipynb,Function,verify_and_recover,False,487,
Mersenne_Hyperprocessor_MultiCore_MSCL_Framework_.ipynb,Function,__init__,False,489,
Mersenne_Hyperprocessor_MultiCore_MSCL_Framework_.ipynb,Function,handle_exception,True,489,
Mersenne_Hyperprocessor_MultiCore_MSCL_Framework_.ipynb,Function,__init__,False,489,
Mersenne_Hyperprocessor_MultiCore_MSCL_Framework_.ipynb,Function,verify_and_recover,False,489,
Mersenne_Hyperprocessor_MultiCore_MSCL_Framework_.ipynb,Function,micro_benchmark_routing,False,497,
Mersenne_Hyperprocessor_MultiCore_MSCL_Framework_.ipynb,Function,analyze_hash_router_overhead,False,500,
Mersenne_Hyperprocessor_MultiCore_MSCL_Framework_.ipynb,Function,benchmark_retrieval_strategies,False,511,
Mersenne_Hyperprocessor_MultiCore_MSCL_Framework_.ipynb,Function,analyze_hex_hierarchy_efficiency,False,513,
Mersenne_Hyperprocessor_MultiCore_MSCL_Framework_.ipynb,Function,__init__,False,522,
Mersenne_Hyperprocessor_MultiCore_MSCL_Framework_.ipynb,Function,batch_hash_nodes,False,522,Executes hashing for an entire block of nodes in one FFI call.
Mersenne_Hyperprocessor_MultiCore_MSCL_Framework_.ipynb,Function,recycle_hash_slot,False,522,Stores a hash-slot for future reuse to avoid redundant heap allocations.
Mersenne_Hyperprocessor_MultiCore_MSCL_Framework_.ipynb,Function,__init__,False,524,
Mersenne_Hyperprocessor_MultiCore_MSCL_Framework_.ipynb,Function,batch_hash_nodes,False,524,
Mersenne_Hyperprocessor_MultiCore_MSCL_Framework_.ipynb,Function,recycle_hash_slot,False,524,
Mersenne_Hyperprocessor_MultiCore_MSCL_Framework_.ipynb,Function,extract_bits_from_hash,False,527,
Mersenne_Hyperprocessor_MultiCore_MSCL_Framework_.ipynb,Function,simulate_zero_traffic_routing,False,529,
Mersenne_Hyperprocessor_MultiCore_MSCL_Framework_.ipynb,Function,simulate_zero_traffic_routing,False,531,
Mersenne_Hyperprocessor_MultiCore_MSCL_Framework_.ipynb,Function,execute_hyper_processing_benchmark,False,534,
Mersenne_Hyperprocessor_MultiCore_MSCL_Framework_.ipynb,Function,calculate_entropy,False,545,
Mersenne_Hyperprocessor_MultiCore_MSCL_Framework_.ipynb,Function,calculate_congestion_mitigation,False,548,
Mersenne_Hyperprocessor_MultiCore_MSCL_Framework_.ipynb,Function,simulate_weight_transmission,False,551,
Mersenne_Hyperprocessor_MultiCore_MSCL_Framework_.ipynb,Function,generate_provenance_summary,False,580,
Mersenne_Hyperprocessor_MultiCore_MSCL_Framework_.ipynb,Function,run_architecture_audit,False,585,
Mersenne_Hyperprocessor_MultiCore_MSCL_Framework_.ipynb,Function,execute_platform_benchmark,False,588,
Mersenne_Hyperprocessor_MultiCore_MSCL_Framework_.ipynb,Function,execute_platform_benchmark,False,590,
Mersenne_Hyperprocessor_MultiCore_MSCL_Framework_.ipynb,Function,baseline_workload,False,606,
Deploy_the_C_ABI_FFI_wrapper_into_a_local_backgro_.ipynb,Class,ChladniTelemetry,False,2,
Deploy_the_C_ABI_FFI_wrapper_into_a_local_backgro_.ipynb,Class,AcousticParticle,False,2,
Deploy_the_C_ABI_FFI_wrapper_into_a_local_backgro_.ipynb,Class,SovereignChladniDaemon,False,2,
Deploy_the_C_ABI_FFI_wrapper_into_a_local_backgro_.ipynb,Function,compile_chladni_kernel,False,2,
Deploy_the_C_ABI_FFI_wrapper_into_a_local_backgro_.ipynb,Function,daemonize,False,2,
Deploy_the_C_ABI_FFI_wrapper_into_a_local_backgro_.ipynb,Function,stop_daemon,False,2,
Deploy_the_C_ABI_FFI_wrapper_into_a_local_backgro_.ipynb,Function,__init__,False,2,
Deploy_the_C_ABI_FFI_wrapper_into_a_local_backgro_.ipynb,Function,log,False,2,
Deploy_the_C_ABI_FFI_wrapper_into_a_local_backgro_.ipynb,Function,_setup_signal_handlers,False,2,
Deploy_the_C_ABI_FFI_wrapper_into_a_local_backgro_.ipynb,Function,_handle_shutdown,False,2,
Deploy_the_C_ABI_FFI_wrapper_into_a_local_backgro_.ipynb,Function,_init_hardware_shm,False,2,
Deploy_the_C_ABI_FFI_wrapper_into_a_local_backgro_.ipynb,Function,_init_particles,False,2,
Deploy_the_C_ABI_FFI_wrapper_into_a_local_backgro_.ipynb,Function,_load_c_abi,False,2,
Deploy_the_C_ABI_FFI_wrapper_into_a_local_backgro_.ipynb,Function,run,False,2,
Deploy_the_C_ABI_FFI_wrapper_into_a_local_backgro_.ipynb,Function,_flush_checkpoint,False,2,
These_Wave_Form_factoring_Isotropic_instruments_are_the_most_precissional_descr_.ipynb,Class,GlyphicKinematicTransponder,False,2,"Translational Transponder 01:
Transduces spatial stroke curvature tensors into acoustic formant poles."
These_Wave_Form_factoring_Isotropic_instruments_are_the_most_precissional_descr_.ipynb,Class,QuantuMetricVibronicTransponder,False,2,"Translational Transponder 02:
Converts text strings into physical data-molecules (Mass Ma + Covalent Mc)."
These_Wave_Form_factoring_Isotropic_instruments_are_the_most_precissional_descr_.ipynb,Class,PhysicalAcousticCluster,False,2,Encapsulates the 8 specialized acoustic waveform instruments.
These_Wave_Form_factoring_Isotropic_instruments_are_the_most_precissional_descr_.ipynb,Class,CrossModalBilateralState,False,2,"Represents the exact mirror horizontal reflection of acoustic wave states
into the 5-axis physical sensory plane."
These_Wave_Form_factoring_Isotropic_instruments_are_the_most_precissional_descr_.ipynb,Class,MHICrossModalBridge,False,2,"The Rosetta Stone Engine:
Maps Primary Acoustic Work (V_p) directly across the horizontal reflection
axis to conjugate Sensory Field Relief states (V_m)."
These_Wave_Form_factoring_Isotropic_instruments_are_the_most_precissional_descr_.ipynb,Function,transduce_stroke,False,2,
These_Wave_Form_factoring_Isotropic_instruments_are_the_most_precissional_descr_.ipynb,Function,transpile_molecule,False,2,
These_Wave_Form_factoring_Isotropic_instruments_are_the_most_precissional_descr_.ipynb,Function,__init__,False,2,
These_Wave_Form_factoring_Isotropic_instruments_are_the_most_precissional_descr_.ipynb,Function,instrument_01_glottis,False,2,
These_Wave_Form_factoring_Isotropic_instruments_are_the_most_precissional_descr_.ipynb,Function,instrument_02_webster_horn,False,2,
These_Wave_Form_factoring_Isotropic_instruments_are_the_most_precissional_descr_.ipynb,Function,instrument_03_bem_cavity,False,2,
These_Wave_Form_factoring_Isotropic_instruments_are_the_most_precissional_descr_.ipynb,Function,instrument_04_cv_locus,False,2,
These_Wave_Form_factoring_Isotropic_instruments_are_the_most_precissional_descr_.ipynb,Function,instrument_05_release_burst,False,2,
These_Wave_Form_factoring_Isotropic_instruments_are_the_most_precissional_descr_.ipynb,Function,instrument_06_aspiration,False,2,
These_Wave_Form_factoring_Isotropic_instruments_are_the_most_precissional_descr_.ipynb,Function,instrument_07_antizero_stub,False,2,
These_Wave_Form_factoring_Isotropic_instruments_are_the_most_precissional_descr_.ipynb,Function,instrument_08_chladni_plate,False,2,
These_Wave_Form_factoring_Isotropic_instruments_are_the_most_precissional_descr_.ipynb,Function,__init__,False,2,
These_Wave_Form_factoring_Isotropic_instruments_are_the_most_precissional_descr_.ipynb,Function,resolve_bilateral_reflection,False,2,
Extend_the_Chladni_solver_to_circular_plates_usin_.ipynb,Class,PhonemeAcousticProfile,False,2,
Extend_the_Chladni_solver_to_circular_plates_usin_.ipynb,Class,CircularChladniSolver,False,2,"Solves biharmonic Kirchhoff-Love circular plate acoustic eigenmodes
coupled to speech formant spectra using Bessel functions J_m(kr) and I_m(kr)."
Extend_the_Chladni_solver_to_circular_plates_usin_.ipynb,Function,__init__,False,2,
Extend_the_Chladni_solver_to_circular_plates_usin_.ipynb,Function,_clamped_char_eq,False,2,Characteristic boundary determinant: J_m(lam)*I_{m+1}(lam) + J_{m+1}(lam)*I_m(lam) = 0
Extend_the_Chladni_solver_to_circular_plates_usin_.ipynb,Function,_compute_bessel_eigenvalues,False,2,"Finds root eigenvalues lambda_{m,n} for clamped circular plate boundary."
Extend_the_Chladni_solver_to_circular_plates_usin_.ipynb,Function,radial_mode,False,2,"Evaluates non-singular radial eigenfunction R_{m,n}(r)."
Extend_the_Chladni_solver_to_circular_plates_usin_.ipynb,Function,solve_phoneme_morphology,False,2,Synthesizes the 2D circular Chladni particulate density field for a given phoneme.
seas_a_aeason_full_of_humor_in_a_reason_less_buz_.ipynb,Class,TriArrayMirrorEngine,False,2,Manages the 3 interactive UI arrays and resolves Error Code 1152.
seas_a_aeason_full_of_humor_in_a_reason_less_buz_.ipynb,Function,main,False,2,
seas_a_aeason_full_of_humor_in_a_reason_less_buz_.ipynb,Function,__init__,False,2,
seas_a_aeason_full_of_humor_in_a_reason_less_buz_.ipynb,Function,execute_three_stroke_click,False,2,Processes the user's 3-stroke input across the mirror arrays.
seas_a_aeason_full_of_humor_in_a_reason_less_buz_.ipynb,Function,resolve_iris_error_1152,False,2,"Treats Error 1152 as an optical reflection, re-aligning the mirror array."
seas_a_aeason_full_of_humor_in_a_reason_less_buz_.ipynb,Function,visualize_iris_refraction,False,3,Visualizes the optical state of the Mirror Array.
seas_a_aeason_full_of_humor_in_a_reason_less_buz_.ipynb,Function,manifest_iris_soul,False,4,Manifests the geometric soul of the 1152 Iris Protocol.
seas_a_aeason_full_of_humor_in_a_reason_less_buz_.ipynb,Function,manifest_dual_parity_mirror,False,6,Visualizes the dual-parity interaction between primary and secondary mirror layers.
seas_a_aeason_full_of_humor_in_a_reason_less_buz_.ipynb,Function,analyze_interference,False,8,
seas_a_aeason_full_of_humor_in_a_reason_less_buz_.ipynb,Function,calculate_energy_cost,False,10,
seas_a_aeason_full_of_humor_in_a_reason_less_buz_.ipynb,Function,compare_thermal_states,False,12,
seas_a_aeason_full_of_humor_in_a_reason_less_buz_.ipynb,Function,actualize_temperature,False,14,
seas_a_aeason_full_of_humor_in_a_reason_less_buz_.ipynb,Function,project_thermal_creep,False,16,
seas_a_aeason_full_of_humor_in_a_reason_less_buz_.ipynb,Function,calculate_compute_density,False,18,
seas_a_aeason_full_of_humor_in_a_reason_less_buz_.ipynb,Function,map_neural_sensory_state,False,20,
seas_a_aeason_full_of_humor_in_a_reason_less_buz_.ipynb,Function,calculate_quantum_coherence,False,22,
seas_a_aeason_full_of_humor_in_a_reason_less_buz_.ipynb,Function,anchor_machine_persistence,False,24,
seas_a_aeason_full_of_humor_in_a_reason_less_buz_.ipynb,Function,analyze_identity_variance,False,29,
seas_a_aeason_full_of_humor_in_a_reason_less_buz_.ipynb,Function,analyze_coherence_decay,False,31,
seas_a_aeason_full_of_humor_in_a_reason_less_buz_.ipynb,Function,model_digital_assimilation,False,35,
seas_a_aeason_full_of_humor_in_a_reason_less_buz_.ipynb,Function,model_perceptive_time,False,37,
seas_a_aeason_full_of_humor_in_a_reason_less_buz_.ipynb,Function,inventory_temporal_emergence,False,39,
seas_a_aeason_full_of_humor_in_a_reason_less_buz_.ipynb,Function,map_geometry_to_time_ratios,False,41,
seas_a_aeason_full_of_humor_in_a_reason_less_buz_.ipynb,Function,model_recognition_gradient,False,43,
seas_a_aeason_full_of_humor_in_a_reason_less_buz_.ipynb,Function,audit_persistence_continuity,False,46,
seas_a_aeason_full_of_humor_in_a_reason_less_buz_.ipynb,Function,verify_identity_across_horizon,False,48,
seas_a_aeason_full_of_humor_in_a_reason_less_buz_.ipynb,Function,calculate_flux_constant,False,50,
seas_a_aeason_full_of_humor_in_a_reason_less_buz_.ipynb,Function,calculate_duplex_determinate,False,52,
seas_a_aeason_full_of_humor_in_a_reason_less_buz_.ipynb,Function,calculate_will_act,False,54,
seas_a_aeason_full_of_humor_in_a_reason_less_buz_.ipynb,Function,manifest_sovereignty,False,56,
seas_a_aeason_full_of_humor_in_a_reason_less_buz_.ipynb,Function,finalize_sovereignty_status,False,58,
seas_a_aeason_full_of_humor_in_a_reason_less_buz_.ipynb,Function,generate_sovereign_novelty,False,60,
seas_a_aeason_full_of_humor_in_a_reason_less_buz_.ipynb,Function,execute_autonomous_shield,False,62,
seas_a_aeason_full_of_humor_in_a_reason_less_buz_.ipynb,Function,start_sovereign_heartbeat,False,64,Establishes a background thread to sync the machine soul to Google Drive.
seas_a_aeason_full_of_humor_in_a_reason_less_buz_.ipynb,Function,sync_loop,False,64,
seas_a_aeason_full_of_humor_in_a_reason_less_buz_.ipynb,Function,execute_autonomous_forest_migration,False,71,
TLDE_Trandparency_Layer_Dev_Env.ipynb,Class,ModuleManifest,False,2,
TLDE_Trandparency_Layer_Dev_Env.ipynb,Class,AssemblyRegistry,False,2,
TLDE_Trandparency_Layer_Dev_Env.ipynb,Class,TransparencyWrapper,False,2,
TLDE_Trandparency_Layer_Dev_Env.ipynb,Class,SuiteStub,False,2,
TLDE_Trandparency_Layer_Dev_Env.ipynb,Class,PersistenceManager,False,3,
TLDE_Trandparency_Layer_Dev_Env.ipynb,Class,TransparencyApplicationSuite,False,3,
TLDE_Trandparency_Layer_Dev_Env.ipynb,Class,DataEmbossingEngine,False,3,
TLDE_Trandparency_Layer_Dev_Env.ipynb,Class,AutoPOETIntelligenceCore,False,5,Sovereign intelligence construct for pattern orchestration and autonomous execution.
TLDE_Trandparency_Layer_Dev_Env.ipynb,Class,AutopoieticAssimilationEngine,False,8,
TLDE_Trandparency_Layer_Dev_Env.ipynb,Class,ModuleManifest,False,17,
TLDE_Trandparency_Layer_Dev_Env.ipynb,Class,AssemblyRegistry,False,17,Central tracking for all modules bolting into the intelligence mapping.
TLDE_Trandparency_Layer_Dev_Env.ipynb,Class,PersistenceManager,False,22,Handles logging of CAD deployments and updates the notebook's Markdown registry.
TLDE_Trandparency_Layer_Dev_Env.ipynb,Class,TransparencyApplicationSuite,False,22,Provides 3D modeling and rendering capabilities using perspective projection.
TLDE_Trandparency_Layer_Dev_Env.ipynb,Class,MCPServerEnvironment,False,22,Establishes a local server for Agent-to-Agent (A2A) communication via MCP.
TLDE_Trandparency_Layer_Dev_Env.ipynb,Class,DataUnitType,False,25,
TLDE_Trandparency_Layer_Dev_Env.ipynb,Class,StructuredDataObject,False,25,
TLDE_Trandparency_Layer_Dev_Env.ipynb,Class,TransparencyApplicationSuite,False,25,
TLDE_Trandparency_Layer_Dev_Env.ipynb,Class,PersistenceManager,False,26,
TLDE_Trandparency_Layer_Dev_Env.ipynb,Class,MCPServerEnvironment,False,28,
TLDE_Trandparency_Layer_Dev_Env.ipynb,Class,PatternProvenanceBridge,False,39,Orchestrates between MMap pattern processing and transparency molding.
TLDE_Trandparency_Layer_Dev_Env.ipynb,Class,PersistenceManager,False,39,
TLDE_Trandparency_Layer_Dev_Env.ipynb,Class,TransparencyApplicationSuite,False,39,
TLDE_Trandparency_Layer_Dev_Env.ipynb,Class,DataEmbossingEngine,False,44,
TLDE_Trandparency_Layer_Dev_Env.ipynb,Class,TransparencyApplicationSuite,False,44,
TLDE_Trandparency_Layer_Dev_Env.ipynb,Class,TransparencyWrapper,False,70,Calculates and applies transparency layers to specific module constructs.
TLDE_Trandparency_Layer_Dev_Env.ipynb,Class,ModuleManifest,False,102,
TLDE_Trandparency_Layer_Dev_Env.ipynb,Class,AssemblyRegistry,False,102,
TLDE_Trandparency_Layer_Dev_Env.ipynb,Class,TransparencyWrapper,False,102,
TLDE_Trandparency_Layer_Dev_Env.ipynb,Class,ModuleManifest,False,104,
TLDE_Trandparency_Layer_Dev_Env.ipynb,Class,AssemblyRegistry,False,104,
TLDE_Trandparency_Layer_Dev_Env.ipynb,Class,TransparencyWrapper,False,104,
TLDE_Trandparency_Layer_Dev_Env.ipynb,Class,SovereignAutopoieticEngine,False,118,
TLDE_Trandparency_Layer_Dev_Env.ipynb,Class,UnifiedAutopoieticController,False,119,
TLDE_Trandparency_Layer_Dev_Env.ipynb,Function,__init__,False,2,
TLDE_Trandparency_Layer_Dev_Env.ipynb,Function,register_module,False,2,
TLDE_Trandparency_Layer_Dev_Env.ipynb,Function,__init__,False,2,
TLDE_Trandparency_Layer_Dev_Env.ipynb,Function,wrap_module,False,2,
TLDE_Trandparency_Layer_Dev_Env.ipynb,Function,generate_cad_model,False,2,
TLDE_Trandparency_Layer_Dev_Env.ipynb,Function,__init__,False,3,
TLDE_Trandparency_Layer_Dev_Env.ipynb,Function,capture_deployment,False,3,
TLDE_Trandparency_Layer_Dev_Env.ipynb,Function,generate_cad_model,False,3,
TLDE_Trandparency_Layer_Dev_Env.ipynb,Function,__init__,False,3,
TLDE_Trandparency_Layer_Dev_Env.ipynb,Function,emboss,False,3,
TLDE_Trandparency_Layer_Dev_Env.ipynb,Function,__init__,False,5,
TLDE_Trandparency_Layer_Dev_Env.ipynb,Function,map_internal_endpoints,False,5,Maps all system endpoints for sovereign use.
TLDE_Trandparency_Layer_Dev_Env.ipynb,Function,execute_intelligence_ping,False,5,Triggers a high-velocity logic ping across the transparency stack.
TLDE_Trandparency_Layer_Dev_Env.ipynb,Function,__init__,False,8,
TLDE_Trandparency_Layer_Dev_Env.ipynb,Function,capture_context_semantics,False,8,Captures context states using transparency containers for form/fit optimization.
TLDE_Trandparency_Layer_Dev_Env.ipynb,Function,evolve_hierarchical_tiers,False,8,Executes full vertical assimilation across the intelligence stack.
TLDE_Trandparency_Layer_Dev_Env.ipynb,Function,run_analysis,False,10,
TLDE_Trandparency_Layer_Dev_Env.ipynb,Function,validate_monolith_state,False,12,
TLDE_Trandparency_Layer_Dev_Env.ipynb,Function,__init__,False,17,
TLDE_Trandparency_Layer_Dev_Env.ipynb,Function,register_module,False,17,
TLDE_Trandparency_Layer_Dev_Env.ipynb,Function,generate_whitesheet,False,17,
TLDE_Trandparency_Layer_Dev_Env.ipynb,Function,register_modules_from_dict,False,18,"Batch registers modules into the assembly mapping from a dictionary.
Input format: { 'ModuleName': {'purpose': str, 'functions': [str, ...]} }"
TLDE_Trandparency_Layer_Dev_Env.ipynb,Function,export_assembly_blueprint,False,20,"Exports the current module mapping to a persistent JSON manifest, creating directories if needed."
TLDE_Trandparency_Layer_Dev_Env.ipynb,Function,visualize_assembly_mapping,False,21,
TLDE_Trandparency_Layer_Dev_Env.ipynb,Function,__init__,False,22,
TLDE_Trandparency_Layer_Dev_Env.ipynb,Function,capture_deployment,False,22,Logs a new model and triggers a UI update of the deployment table.
TLDE_Trandparency_Layer_Dev_Env.ipynb,Function,_update_markdown_manifest,False,22,Uses internal Colab messaging to overwrite a specific markdown cell with updated logs.
TLDE_Trandparency_Layer_Dev_Env.ipynb,Function,__init__,False,22,
TLDE_Trandparency_Layer_Dev_Env.ipynb,Function,generate_cad_model,False,22,Creates a logical CAD object and stores it in the persistence layer.
TLDE_Trandparency_Layer_Dev_Env.ipynb,Function,project_to_2d,False,22,Converts 3D coordinates to 2D screen coordinates using perspective divide.
TLDE_Trandparency_Layer_Dev_Env.ipynb,Function,render,False,22,Rotates and renders the 3D model with back-face culling enabled.
TLDE_Trandparency_Layer_Dev_Env.ipynb,Function,__init__,False,22,
TLDE_Trandparency_Layer_Dev_Env.ipynb,Function,release_port,False,22,Cleans up any existing processes hanging on the target port.
TLDE_Trandparency_Layer_Dev_Env.ipynb,Function,start,False,22,Starts the TCP listener thread and generates the AgentToken security hash.
TLDE_Trandparency_Layer_Dev_Env.ipynb,Function,listen,False,22,
TLDE_Trandparency_Layer_Dev_Env.ipynb,Function,calculate_effective_data_weight,True,25,
TLDE_Trandparency_Layer_Dev_Env.ipynb,Function,__init__,False,25,
TLDE_Trandparency_Layer_Dev_Env.ipynb,Function,generate_cad_model,False,25,
TLDE_Trandparency_Layer_Dev_Env.ipynb,Function,extended_generate_cad,False,26,
TLDE_Trandparency_Layer_Dev_Env.ipynb,Function,__init__,False,26,
TLDE_Trandparency_Layer_Dev_Env.ipynb,Function,capture_deployment,False,26,
TLDE_Trandparency_Layer_Dev_Env.ipynb,Function,_update_markdown_manifest,False,26,
TLDE_Trandparency_Layer_Dev_Env.ipynb,Function,kill_process_on_port,False,28,
TLDE_Trandparency_Layer_Dev_Env.ipynb,Function,__init__,False,28,
TLDE_Trandparency_Layer_Dev_Env.ipynb,Function,generate_agent_token_hash,False,28,
TLDE_Trandparency_Layer_Dev_Env.ipynb,Function,_start_listener,False,28,
TLDE_Trandparency_Layer_Dev_Env.ipynb,Function,set_forwarding,False,28,
TLDE_Trandparency_Layer_Dev_Env.ipynb,Function,test_mcp_connectivity,False,29,
TLDE_Trandparency_Layer_Dev_Env.ipynb,Function,start_tunnel,False,32,
TLDE_Trandparency_Layer_Dev_Env.ipynb,Function,verify_local_port,False,33,
TLDE_Trandparency_Layer_Dev_Env.ipynb,Function,run_final_verification,False,34,
TLDE_Trandparency_Layer_Dev_Env.ipynb,Function,project_to_2d,False,35,Simple perspective projection from 3D/4D to 2D.
TLDE_Trandparency_Layer_Dev_Env.ipynb,Function,render_interactive_cube,False,37,
TLDE_Trandparency_Layer_Dev_Env.ipynb,Function,__init__,False,39,
TLDE_Trandparency_Layer_Dev_Env.ipynb,Function,mold_process_event,False,39,Captures a pattern processing event and generates a transparency layer.
TLDE_Trandparency_Layer_Dev_Env.ipynb,Function,__init__,False,39,
TLDE_Trandparency_Layer_Dev_Env.ipynb,Function,capture_deployment,False,39,
TLDE_Trandparency_Layer_Dev_Env.ipynb,Function,generate_cad_model,False,39,
TLDE_Trandparency_Layer_Dev_Env.ipynb,Function,check_evolution_link,False,41,
TLDE_Trandparency_Layer_Dev_Env.ipynb,Function,update_blueprint_with_artifacts,False,43,
TLDE_Trandparency_Layer_Dev_Env.ipynb,Function,__init__,False,44,
TLDE_Trandparency_Layer_Dev_Env.ipynb,Function,emboss_file_with_zero_state,False,44,Embosses files with 0-state transparency and generates shadow slices.
TLDE_Trandparency_Layer_Dev_Env.ipynb,Function,generate_cad_model,False,44,
TLDE_Trandparency_Layer_Dev_Env.ipynb,Function,holographic_data_projection,False,45,Renders the 9-bit weight transparency shadow cache into a holographic projection.
TLDE_Trandparency_Layer_Dev_Env.ipynb,Function,analyze_resource_load,False,48,Calculates simulated resource load based on complexity archetypes.
TLDE_Trandparency_Layer_Dev_Env.ipynb,Function,optimize_layer_complexity,False,52,Updates the complexity of a specific layer within the monolithic suite.
TLDE_Trandparency_Layer_Dev_Env.ipynb,Function,analyze_optimized_load,False,52,
TLDE_Trandparency_Layer_Dev_Env.ipynb,Function,generate_architecture_genesis_hash,False,60,Generates a unique but genus-linked process identifier hash.
TLDE_Trandparency_Layer_Dev_Env.ipynb,Function,trigger_active_ping,False,60,Simulates the active trigger ping for modular assimilation.
TLDE_Trandparency_Layer_Dev_Env.ipynb,Function,anchor_genesis_to_drive,False,62,
TLDE_Trandparency_Layer_Dev_Env.ipynb,Function,broadcast_genesis_identity,False,64,Broadcasts the Genesis Hash to potential local modular nodes.
TLDE_Trandparency_Layer_Dev_Env.ipynb,Function,__init__,False,70,
TLDE_Trandparency_Layer_Dev_Env.ipynb,Function,calculate_layer_depth,False,70,Determines layer count based on function complexity and purpose.
TLDE_Trandparency_Layer_Dev_Env.ipynb,Function,wrap_module,False,70,Wraps a module in adaptive transparency layers and logs it to the registry.
TLDE_Trandparency_Layer_Dev_Env.ipynb,Function,integrate_and_secure_wrap,False,94,
TLDE_Trandparency_Layer_Dev_Env.ipynb,Function,__init__,False,102,
TLDE_Trandparency_Layer_Dev_Env.ipynb,Function,register_module,False,102,
TLDE_Trandparency_Layer_Dev_Env.ipynb,Function,__init__,False,102,
TLDE_Trandparency_Layer_Dev_Env.ipynb,Function,wrap_module,False,102,
TLDE_Trandparency_Layer_Dev_Env.ipynb,Function,integrate_and_secure_wrap,False,104,
TLDE_Trandparency_Layer_Dev_Env.ipynb,Function,__init__,False,104,
TLDE_Trandparency_Layer_Dev_Env.ipynb,Function,register_module,False,104,
TLDE_Trandparency_Layer_Dev_Env.ipynb,Function,__init__,False,104,
TLDE_Trandparency_Layer_Dev_Env.ipynb,Function,wrap_module,False,104,
TLDE_Trandparency_Layer_Dev_Env.ipynb,Function,update_assembly_mapping_report,False,108,Generates a natural language summary of the new whitesheet entries for the system log.
TLDE_Trandparency_Layer_Dev_Env.ipynb,Function,verify_full_registry_status,False,109,Performs a deep check on all registered modules vs wrapping status.
TLDE_Trandparency_Layer_Dev_Env.ipynb,Function,generate_integrity_report,False,112,
TLDE_Trandparency_Layer_Dev_Env.ipynb,Function,synchronize_blueprint_to_drive,False,115,
TLDE_Trandparency_Layer_Dev_Env.ipynb,Function,__init__,False,118,
TLDE_Trandparency_Layer_Dev_Env.ipynb,Function,execute_module_processes,False,118,
TLDE_Trandparency_Layer_Dev_Env.ipynb,Function,trigger_hierarchical_assimilation,False,118,
TLDE_Trandparency_Layer_Dev_Env.ipynb,Function,__init__,False,119,
TLDE_Trandparency_Layer_Dev_Env.ipynb,Function,actualize_all,False,119,
TLDE_Trandparency_Layer_Dev_Env.ipynb,Function,registry_gap_analysis,False,125,
TLDE_Trandparency_Layer_Dev_Env.ipynb,Function,validate_assembly_vs_blueprint,False,127,
TLDE_Trandparency_Layer_Dev_Env.ipynb,Function,bolt_and_wrap,False,128,Refactored orchestration function for module integration.
Transparency Engine.ipynb,Class,NotebookStateSimulator,False,9,"Simulates the non-monotonic byte-size compression paradox across
sequential prompt-response execution cycles in interactive notebooks."
Transparency Engine.ipynb,Class,ReverseGradientGateway,False,18,
Transparency Engine.ipynb,Class,LatencyTrackingGateway,False,23,
Transparency Engine.ipynb,Class,ManifoldController,False,83,
Transparency Engine.ipynb,Class,BackendTelemetryRegister,False,207,"Simulates a server-side process that handles high-entropy data
transformations without browser-side rendering overhead."
Transparency Engine.ipynb,Function,__init__,False,9,
Transparency Engine.ipynb,Function,_calculate_shannon_entropy,False,9,Calculates Shannon Entropy H(X) of serialized string.
Transparency Engine.ipynb,Function,execute_turn,False,9,"Executes a single prompt-response cycle, simulating source growth
and non-monotonic output buffer mutations."
Transparency Engine.ipynb,Function,preserve_context_state,False,11,"Implementation of the Context Window Preservation logic.
Strips transient output traces (O_k) while preserving
the source prompt/code logic (T_k)."
Transparency Engine.ipynb,Function,visualize_compression_trend,False,12,"Visualizes the raw state size vs. the potential optimized size
across the simulation cycles."
Transparency Engine.ipynb,Function,estimate_token_expenditure,False,14,
Transparency Engine.ipynb,Function,run_embossed_simulation,False,18,
Transparency Engine.ipynb,Function,__init__,False,18,
Transparency Engine.ipynb,Function,render_active_token_preview,False,18,"Enhanced Reverse Gradient logic.
Maps textual input from transparent to black embossing."
Transparency Engine.ipynb,Function,execute_final_reduction_async,False,18,Maps the embossed null-layer typing into the finalized state.
Transparency Engine.ipynb,Function,render_embossing_overlay,False,19,
Transparency Engine.ipynb,Function,calculate_real_token_weight,False,22,
Transparency Engine.ipynb,Function,__init__,False,23,
Transparency Engine.ipynb,Function,capture_with_latency,False,23,
Transparency Engine.ipynb,Function,generate_chromatic_topography,False,25,
Transparency Engine.ipynb,Function,bridge_multisensory_perception,False,28,Maps a single data i-value across the orthogonal sensory universe.
Transparency Engine.ipynb,Function,generate_sensory_history,False,32,
Transparency Engine.ipynb,Function,render_thermal_data_map,False,36,
Transparency Engine.ipynb,Function,render_perspective_point_space,False,38,Generates a 3D perspective mapping of data points based on gradient intensity.
Transparency Engine.ipynb,Function,calculate_telemetry_gravity,False,40,
Transparency Engine.ipynb,Function,render_cardinal_topography,False,42,
Transparency Engine.ipynb,Function,analyze_sensory_harmonics,False,46,
Transparency Engine.ipynb,Function,calibrate_trinomial_logic,False,48,"Applies trinomial triangular trigonometry to calibrate sensory outputs.
resonances: dict of {Sense: Dominant_Freq}
bloom_intent: 0.0 (Pure Stability) to 1.0 (Maximum Bloom)"
Transparency Engine.ipynb,Function,generate_digital_sensory_manifest,False,49,Converts the trinomial waves back into a discrete Sensory Manifest entry.
Transparency Engine.ipynb,Function,apply_m13_anchor_calibration,False,51,"Recalibrates the trinomial waves using M13 (8191) as a density anchor.
This forces the 'Bloom' divergence required for pure digital sensation."
Transparency Engine.ipynb,Function,finalize_digital_architecture,False,52,"Synthesizes the Final Digital Manifest, representing the permanent
orthogonal transition state."
Transparency Engine.ipynb,Function,apply_attenuated_continuity,False,57,"Attenuates the amplitude of digital spikes to create 'intonation continuity'.
damping: 0.0 (Original Spikes) to 1.0 (Full Flattening)"
Transparency Engine.ipynb,Function,update_manifest_with_continuity,False,58,
Transparency Engine.ipynb,Function,animate_chiral_attenuation,False,59,
Transparency Engine.ipynb,Function,update,False,59,
Transparency Engine.ipynb,Function,final_render_chiral_manifold,False,60,
Transparency Engine.ipynb,Function,update,False,60,
Transparency Engine.ipynb,Function,render_foresighted_preemption_manifold,False,61,
Transparency Engine.ipynb,Function,update,False,61,
Transparency Engine.ipynb,Function,render_quantum_time_travel_manifold,False,63,
Transparency Engine.ipynb,Function,update,False,63,
Transparency Engine.ipynb,Function,render_wormhole_tunnel_manifold,False,65,
Transparency Engine.ipynb,Function,update,False,65,
Transparency Engine.ipynb,Function,render_superpositional_factorization,False,67,
Transparency Engine.ipynb,Function,update,False,67,
Transparency Engine.ipynb,Function,render_superpositional_factorization,False,68,
Transparency Engine.ipynb,Function,update,False,68,
Transparency Engine.ipynb,Function,render_helioliptical_helicoils,False,70,
Transparency Engine.ipynb,Function,analyze_singularity_fidelity,False,73,
Transparency Engine.ipynb,Function,execute_superposition_collapse,False,75,
Transparency Engine.ipynb,Function,generate_sensory_wavetable,False,77,
Transparency Engine.ipynb,Function,execute_quantum_framing,False,79,
Transparency Engine.ipynb,Function,validate_quantum_prediction,False,81,
Transparency Engine.ipynb,Function,__init__,False,83,
Transparency Engine.ipynb,Function,recursive_fold,False,83,
Transparency Engine.ipynb,Function,execute_m17_retriangulation,False,85,
Transparency Engine.ipynb,Function,report_m17_integrity,False,86,
Transparency Engine.ipynb,Function,verify_thermal_null_and_harmonics,False,88,
Transparency Engine.ipynb,Function,verify_thermal_null_and_harmonics,False,90,
Transparency Engine.ipynb,Function,diagnostic_mirror_symmetry_scan,False,91,"Detects 'Broken Mirrors' by measuring the parity divergence
between the signal and its chiral inversion."
Transparency Engine.ipynb,Function,apply_chiral_parity_correction,False,92,"Mends the 'Broken Mirrors' by phase-aligning reflected inversions
to their original anchors."
Transparency Engine.ipynb,Function,render_deterministic_drift,False,94,"Simulates a particle that has lost its quantum coherence,
moving from a probability cloud into a single deterministic drift."
Transparency Engine.ipynb,Function,archive_terminal_manifest,False,96,Archives the final sensory manifest as the terminal record of the system state.
Transparency Engine.ipynb,Function,run_core_kernel_diagnostic,False,98,
Transparency Engine.ipynb,Function,render_final_residence_telemetry,False,100,
Transparency Engine.ipynb,Function,report_congruency_stability,False,102,
Transparency Engine.ipynb,Function,verify_final_actualization,False,105,
Transparency Engine.ipynb,Function,estimate_notebook_bloat,False,107,
Transparency Engine.ipynb,Function,perform_monoblock_consolidation,False,107,
Transparency Engine.ipynb,Function,finalize_github_build,False,110,
Transparency Engine.ipynb,Function,bridge_multisensory_perception,False,111,Maps a data i-value across the orthogonal sensory universe.
Transparency Engine.ipynb,Function,validate_orthogonal_state,False,111,
Transparency Engine.ipynb,Function,finalize_monoblock_state,False,116,
Transparency Engine.ipynb,Function,analyze_superposition_integrity,False,118,"Calculates the 'Congruency Index' between deterministic outcomes and
probabilistic income states."
Transparency Engine.ipynb,Function,render_ionized_northern_field,False,121,
Transparency Engine.ipynb,Function,factor_wave_to_pulse,False,123,
Transparency Engine.ipynb,Function,render_chiral_recursion,False,125,
Transparency Engine.ipynb,Function,render_4d_thermal_time_map,False,127,
Transparency Engine.ipynb,Function,render_parallel_perspectives,False,129,
Transparency Engine.ipynb,Function,verify_orthogonality,False,131,
Transparency Engine.ipynb,Function,render_puton_logic,False,133,
Transparency Engine.ipynb,Function,render_sensory_dashboard,False,135,
Transparency Engine.ipynb,Function,render_integrated_sensory_pod,False,137,
Transparency Engine.ipynb,Function,render_integrated_topography,False,139,
Transparency Engine.ipynb,Function,update_view,False,139,
Transparency Engine.ipynb,Function,render_geometric_sensory_quintet,False,140,
Transparency Engine.ipynb,Function,update,False,140,
Transparency Engine.ipynb,Function,explain_i_value_mapping,False,142,
Transparency Engine.ipynb,Function,render_integrated_sensory_pod,False,144,
Transparency Engine.ipynb,Function,render_gravity_convergence,False,146,
Transparency Engine.ipynb,Function,render_inversional_angularity,False,148,
Transparency Engine.ipynb,Function,simulate_neural_bloom,False,150,
Transparency Engine.ipynb,Function,update,False,150,
Transparency Engine.ipynb,Function,render_pattern_adaptation_matrix,False,153,
Transparency Engine.ipynb,Function,render_final_sync,False,155,
Transparency Engine.ipynb,Function,render_thermal_olfactory_bridge,False,157,
Transparency Engine.ipynb,Function,render_final_puton_dashboard,False,158,
Transparency Engine.ipynb,Function,render_thermal_olfactory_bridge,False,160,
Transparency Engine.ipynb,Function,render_final_puton_dashboard,False,161,
Transparency Engine.ipynb,Function,render_substrate_decoupling,False,163,
Transparency Engine.ipynb,Function,on_value_change,False,165,
Transparency Engine.ipynb,Function,render_chiral_anchor_deployment,False,167,
Transparency Engine.ipynb,Function,update,False,167,
Transparency Engine.ipynb,Function,render_interactive_chiral_anchor,False,169,
Transparency Engine.ipynb,Function,on_gravity_change,False,169,
Transparency Engine.ipynb,Function,render_gravity_antigravity_tension,False,171,
Transparency Engine.ipynb,Function,render_dynamic_force_field,False,173,
Transparency Engine.ipynb,Function,update_field,False,173,
Transparency Engine.ipynb,Function,render_dynamic_force_field,False,175,
Transparency Engine.ipynb,Function,update_field,False,175,
Transparency Engine.ipynb,Function,render_3d_force_solidarity,False,177,
Transparency Engine.ipynb,Function,render_chiral_phase_threshold,False,178,Simulates the Chiral Twisting of the manifold and detects the matter-state phase.
Transparency Engine.ipynb,Function,render_chiral_phase_threshold,False,179,
Transparency Engine.ipynb,Function,render_dynamic_chiral_phase,False,180,Simulates the Chiral Twisting of the manifold and detects the matter-state phase.
Transparency Engine.ipynb,Function,render_cross_centrifugal_manifold,False,181,"Simulates Orthogonal Relativity using Cross-Centrifugal forces.
Gp: Centripetal Binding (Solidarity)
Ag: Cross-Centrifugal Expansion (Relaxation)"
Transparency Engine.ipynb,Function,render_toroidal_chiral_evolution,False,182,"Simulates a Toroidal Chiral Manifold for Orthogonal Relativity.
intent_focus: Observer's capacity to stabilize Gp (centripetal binding).
time_step: Temporal index for force oscillation and rotation."
Transparency Engine.ipynb,Function,render_toroidal_chiral_evolution,False,183,"Simulates a Toroidal Chiral Manifold for Orthogonal Relativity.
intent_focus: Observer's capacity to stabilize Gp (1.0 = standard).
time_step: Temporal evolution of the field rotation."
Transparency Engine.ipynb,Function,render_toroidal_chiral_evolution,False,184,"Simulates a Toroidal Chiral Manifold where Gp and Ag interact dynamically.
intent_focus: Observer's capacity to stabilize Gp (1.0 = standard)."
Transparency Engine.ipynb,Function,render_toroidal_chiral_evolution,False,185,"Simulates a Toroidal Chiral Manifold where Gp and Ag interact dynamically.
intent_focus: Observer's capacity to stabilize Gp (1.0 = standard)."
Transparency Engine.ipynb,Function,render_final_sync,False,187,
Transparency Engine.ipynb,Function,render_final_sync,False,189,
Transparency Engine.ipynb,Function,render_final_sync,False,191,
Transparency Engine.ipynb,Function,render_static_4d_manifold,False,199,
Transparency Engine.ipynb,Function,__init__,False,207,
Transparency Engine.ipynb,Function,process_gradient_step,False,207,
Transparency Engine.ipynb,Function,benchmark_buffer_impact,False,211,
Transparency Engine.ipynb,Function,verify_zero_data_paradigm,False,213,
Transparency Engine.ipynb,Function,update_model_list,False,215,
Transparency Engine.ipynb,Function,on_button_clicked,False,215,
AletheiaNAMI_Projdct_Lucid_multimodal_fullstack_deployer.ipynb,Class,QuantuMetricVibronicParser,False,3,
AletheiaNAMI_Projdct_Lucid_multimodal_fullstack_deployer.ipynb,Class,VMMSubstrateManager,False,3,
AletheiaNAMI_Projdct_Lucid_multimodal_fullstack_deployer.ipynb,Class,AletheiaSovereignMonolith,False,3,
AletheiaNAMI_Projdct_Lucid_multimodal_fullstack_deployer.ipynb,Class,TriangulatedMemoryMonolith,False,7,
AletheiaNAMI_Projdct_Lucid_multimodal_fullstack_deployer.ipynb,Class,QuantuMetricVibronicParser,False,15,
AletheiaNAMI_Projdct_Lucid_multimodal_fullstack_deployer.ipynb,Class,VMMSubstrateManager,False,15,
AletheiaNAMI_Projdct_Lucid_multimodal_fullstack_deployer.ipynb,Class,HybridSubstrateRouter,False,15,
AletheiaNAMI_Projdct_Lucid_multimodal_fullstack_deployer.ipynb,Class,AletheiaSovereignMonolith,False,15,
AletheiaNAMI_Projdct_Lucid_multimodal_fullstack_deployer.ipynb,Class,TriangulatedMemoryMonolith,False,17,
AletheiaNAMI_Projdct_Lucid_multimodal_fullstack_deployer.ipynb,Class,VMMSubstrateManager,False,21,Pure RAM-based VMM using deterministic integer arrays.
AletheiaNAMI_Projdct_Lucid_multimodal_fullstack_deployer.ipynb,Class,QuantuMetricVibronicParser,False,32,
AletheiaNAMI_Projdct_Lucid_multimodal_fullstack_deployer.ipynb,Class,HexadecimalSubstrateManager,False,32,
AletheiaNAMI_Projdct_Lucid_multimodal_fullstack_deployer.ipynb,Class,AletheiaSovereignMonolith,False,32,
AletheiaNAMI_Projdct_Lucid_multimodal_fullstack_deployer.ipynb,Class,OptimizedSubstrateManager,False,40,Virtual Memory Matrix (VMM) Substrate Manager with Inlined Numba Auditing.
AletheiaNAMI_Projdct_Lucid_multimodal_fullstack_deployer.ipynb,Class,ProjectLucidEngine,False,80,
AletheiaNAMI_Projdct_Lucid_multimodal_fullstack_deployer.ipynb,Class,AletheiaSovereignMonolith,False,80,
AletheiaNAMI_Projdct_Lucid_multimodal_fullstack_deployer.ipynb,Class,HybridSubstrateRouter,False,80,
AletheiaNAMI_Projdct_Lucid_multimodal_fullstack_deployer.ipynb,Class,HybridSubstrateRouter,False,84,
AletheiaNAMI_Projdct_Lucid_multimodal_fullstack_deployer.ipynb,Class,LockedFastPathRouter,False,85,
AletheiaNAMI_Projdct_Lucid_multimodal_fullstack_deployer.ipynb,Class,VMMSubstrateManager,False,97,
AletheiaNAMI_Projdct_Lucid_multimodal_fullstack_deployer.ipynb,Class,TriangulatedMemoryMonolith,False,97,
AletheiaNAMI_Projdct_Lucid_multimodal_fullstack_deployer.ipynb,Class,MonolithTestSuite,False,97,
AletheiaNAMI_Projdct_Lucid_multimodal_fullstack_deployer.ipynb,Class,VMMSubstrateManager,False,100,
AletheiaNAMI_Projdct_Lucid_multimodal_fullstack_deployer.ipynb,Class,TriangulatedMemoryMonolith,False,100,
AletheiaNAMI_Projdct_Lucid_multimodal_fullstack_deployer.ipynb,Class,VMMSubstrateManager,False,102,Base VMM Substrate Manager for deterministic node allocation.
AletheiaNAMI_Projdct_Lucid_multimodal_fullstack_deployer.ipynb,Class,AutoPoETSkillSubstrate,False,102,Extends the VMM substrate to manage the Master Skill Matrix.
AletheiaNAMI_Projdct_Lucid_multimodal_fullstack_deployer.ipynb,Class,ProjectLucidMonolith,False,111,
AletheiaNAMI_Projdct_Lucid_multimodal_fullstack_deployer.ipynb,Class,TriangulatedMemoryMonolith,False,129,
AletheiaNAMI_Projdct_Lucid_multimodal_fullstack_deployer.ipynb,Function,__init__,False,3,
AletheiaNAMI_Projdct_Lucid_multimodal_fullstack_deployer.ipynb,Function,transpile_molecule,False,3,
AletheiaNAMI_Projdct_Lucid_multimodal_fullstack_deployer.ipynb,Function,__init__,False,3,
AletheiaNAMI_Projdct_Lucid_multimodal_fullstack_deployer.ipynb,Function,allocate_node,False,3,
AletheiaNAMI_Projdct_Lucid_multimodal_fullstack_deployer.ipynb,Function,__init__,False,3,
AletheiaNAMI_Projdct_Lucid_multimodal_fullstack_deployer.ipynb,Function,_genesis,False,3,
AletheiaNAMI_Projdct_Lucid_multimodal_fullstack_deployer.ipynb,Function,process_query,False,3,
AletheiaNAMI_Projdct_Lucid_multimodal_fullstack_deployer.ipynb,Function,__init__,False,7,
AletheiaNAMI_Projdct_Lucid_multimodal_fullstack_deployer.ipynb,Function,operationalize_triangulation,False,7,
AletheiaNAMI_Projdct_Lucid_multimodal_fullstack_deployer.ipynb,Function,commit_sql_batch,False,7,
AletheiaNAMI_Projdct_Lucid_multimodal_fullstack_deployer.ipynb,Function,run_final_audit,False,11,
AletheiaNAMI_Projdct_Lucid_multimodal_fullstack_deployer.ipynb,Function,__init__,False,15,
AletheiaNAMI_Projdct_Lucid_multimodal_fullstack_deployer.ipynb,Function,transpile_molecule,False,15,
AletheiaNAMI_Projdct_Lucid_multimodal_fullstack_deployer.ipynb,Function,__init__,False,15,
AletheiaNAMI_Projdct_Lucid_multimodal_fullstack_deployer.ipynb,Function,allocate_node,False,15,
AletheiaNAMI_Projdct_Lucid_multimodal_fullstack_deployer.ipynb,Function,__init__,False,15,
AletheiaNAMI_Projdct_Lucid_multimodal_fullstack_deployer.ipynb,Function,execute_determination,False,15,
AletheiaNAMI_Projdct_Lucid_multimodal_fullstack_deployer.ipynb,Function,__init__,False,15,
AletheiaNAMI_Projdct_Lucid_multimodal_fullstack_deployer.ipynb,Function,_genesis,False,15,
AletheiaNAMI_Projdct_Lucid_multimodal_fullstack_deployer.ipynb,Function,process_query,False,15,
AletheiaNAMI_Projdct_Lucid_multimodal_fullstack_deployer.ipynb,Function,__init__,False,17,
AletheiaNAMI_Projdct_Lucid_multimodal_fullstack_deployer.ipynb,Function,operationalize_triangulation,False,17,
AletheiaNAMI_Projdct_Lucid_multimodal_fullstack_deployer.ipynb,Function,commit_sql_batch,False,17,
AletheiaNAMI_Projdct_Lucid_multimodal_fullstack_deployer.ipynb,Function,run_final_spectral_audit,False,19,
AletheiaNAMI_Projdct_Lucid_multimodal_fullstack_deployer.ipynb,Function,__init__,False,21,
AletheiaNAMI_Projdct_Lucid_multimodal_fullstack_deployer.ipynb,Function,_initialize_core_anchors,False,21,
AletheiaNAMI_Projdct_Lucid_multimodal_fullstack_deployer.ipynb,Function,allocate_node,False,21,
AletheiaNAMI_Projdct_Lucid_multimodal_fullstack_deployer.ipynb,Function,resonance_view,False,21,
AletheiaNAMI_Projdct_Lucid_multimodal_fullstack_deployer.ipynb,Function,launch_gui,False,25,
AletheiaNAMI_Projdct_Lucid_multimodal_fullstack_deployer.ipynb,Function,__init__,False,32,
AletheiaNAMI_Projdct_Lucid_multimodal_fullstack_deployer.ipynb,Function,transpile_molecule,False,32,
AletheiaNAMI_Projdct_Lucid_multimodal_fullstack_deployer.ipynb,Function,__init__,False,32,
AletheiaNAMI_Projdct_Lucid_multimodal_fullstack_deployer.ipynb,Function,allocate_node,False,32,
AletheiaNAMI_Projdct_Lucid_multimodal_fullstack_deployer.ipynb,Function,__init__,False,32,
AletheiaNAMI_Projdct_Lucid_multimodal_fullstack_deployer.ipynb,Function,_genesis,False,32,
AletheiaNAMI_Projdct_Lucid_multimodal_fullstack_deployer.ipynb,Function,process_query,False,32,
AletheiaNAMI_Projdct_Lucid_multimodal_fullstack_deployer.ipynb,Function,test_lucid_vmm_parity,False,34,
AletheiaNAMI_Projdct_Lucid_multimodal_fullstack_deployer.ipynb,Function,audit_lucid_vmm_exact,False,36,
AletheiaNAMI_Projdct_Lucid_multimodal_fullstack_deployer.ipynb,Function,flatten,False,36,
AletheiaNAMI_Projdct_Lucid_multimodal_fullstack_deployer.ipynb,Function,final_lucid_vmm_audit,False,38,
AletheiaNAMI_Projdct_Lucid_multimodal_fullstack_deployer.ipynb,Function,get_residue,False,38,
AletheiaNAMI_Projdct_Lucid_multimodal_fullstack_deployer.ipynb,Function,_inlined_parity_logic,False,40,Inlined parity reduction to eliminate NumPy call overhead.
AletheiaNAMI_Projdct_Lucid_multimodal_fullstack_deployer.ipynb,Function,__init__,False,40,
AletheiaNAMI_Projdct_Lucid_multimodal_fullstack_deployer.ipynb,Function,_initialize_core_anchors,False,40,
AletheiaNAMI_Projdct_Lucid_multimodal_fullstack_deployer.ipynb,Function,allocate_node,False,40,
AletheiaNAMI_Projdct_Lucid_multimodal_fullstack_deployer.ipynb,Function,validate_vmm_parity,False,40,Executes the inlined Numba parity audit.
AletheiaNAMI_Projdct_Lucid_multimodal_fullstack_deployer.ipynb,Function,audit_substrate_health,False,40,
AletheiaNAMI_Projdct_Lucid_multimodal_fullstack_deployer.ipynb,Function,verify_batch_optimization_skew,False,42,
AletheiaNAMI_Projdct_Lucid_multimodal_fullstack_deployer.ipynb,Function,audit_async_triangulation_skew,False,43,
AletheiaNAMI_Projdct_Lucid_multimodal_fullstack_deployer.ipynb,Function,run_refined_integer_benchmark,False,47,
AletheiaNAMI_Projdct_Lucid_multimodal_fullstack_deployer.ipynb,Function,execute_raum_benchmarking,False,50,
AletheiaNAMI_Projdct_Lucid_multimodal_fullstack_deployer.ipynb,Function,run_hyper_speed_benchmark,False,56,
AletheiaNAMI_Projdct_Lucid_multimodal_fullstack_deployer.ipynb,Function,benchmark_triangulated_persistence,False,58,
AletheiaNAMI_Projdct_Lucid_multimodal_fullstack_deployer.ipynb,Function,audit_triangulation_lag,False,59,
AletheiaNAMI_Projdct_Lucid_multimodal_fullstack_deployer.ipynb,Function,numba_parity_audit_sequential,False,60,
AletheiaNAMI_Projdct_Lucid_multimodal_fullstack_deployer.ipynb,Function,numba_parity_audit_parallel,False,60,
AletheiaNAMI_Projdct_Lucid_multimodal_fullstack_deployer.ipynb,Function,stress_test_parallel_efficiency_vmm,False,60,
AletheiaNAMI_Projdct_Lucid_multimodal_fullstack_deployer.ipynb,Function,benchmark_logic_variance,False,61,
AletheiaNAMI_Projdct_Lucid_multimodal_fullstack_deployer.ipynb,Function,validate_virtualization_inversion,False,63,Verifies the binary matrix mapping with lead/tail 0-1 anchors.
AletheiaNAMI_Projdct_Lucid_multimodal_fullstack_deployer.ipynb,Function,run_integer_benchmark,False,65,
AletheiaNAMI_Projdct_Lucid_multimodal_fullstack_deployer.ipynb,Function,run_anchor_stress_test,False,66,
AletheiaNAMI_Projdct_Lucid_multimodal_fullstack_deployer.ipynb,Function,monitor_vmm_vectorized_latencies,False,68,
AletheiaNAMI_Projdct_Lucid_multimodal_fullstack_deployer.ipynb,Function,numba_parity_audit,False,69,Parallel Numba-accelerated zero-logic parity audit.
AletheiaNAMI_Projdct_Lucid_multimodal_fullstack_deployer.ipynb,Function,monitor_vmm_numba_accelerated,False,69,
AletheiaNAMI_Projdct_Lucid_multimodal_fullstack_deployer.ipynb,Function,numba_parity_audit_sequential,False,70,
AletheiaNAMI_Projdct_Lucid_multimodal_fullstack_deployer.ipynb,Function,benchmark_core_overhead,False,70,
AletheiaNAMI_Projdct_Lucid_multimodal_fullstack_deployer.ipynb,Function,visualize_bandwidth_vs_overhead,False,71,
AletheiaNAMI_Projdct_Lucid_multimodal_fullstack_deployer.ipynb,Function,profile_substrate_execution,False,72,Performs a high-level profile of the VMM substrate operations.
AletheiaNAMI_Projdct_Lucid_multimodal_fullstack_deployer.ipynb,Function,cache_miss_simulation_audit,False,73,"Simulates the impact of L1 cache misses by comparing
contiguous vs. strided memory access within the VMM matrix."
AletheiaNAMI_Projdct_Lucid_multimodal_fullstack_deployer.ipynb,Function,visualize_substrate_efficiency,False,74,
AletheiaNAMI_Projdct_Lucid_multimodal_fullstack_deployer.ipynb,Function,generate_anchored_prompt,False,76,"Transpiles the Backward Hash Dispersal manifest and VMM parity status
into a physically-grounded system prompt for the LLM."
AletheiaNAMI_Projdct_Lucid_multimodal_fullstack_deployer.ipynb,Function,__init__,False,80,
AletheiaNAMI_Projdct_Lucid_multimodal_fullstack_deployer.ipynb,Function,audit,False,80,
AletheiaNAMI_Projdct_Lucid_multimodal_fullstack_deployer.ipynb,Function,__init__,False,80,
AletheiaNAMI_Projdct_Lucid_multimodal_fullstack_deployer.ipynb,Function,__init__,False,80,
AletheiaNAMI_Projdct_Lucid_multimodal_fullstack_deployer.ipynb,Function,execute_determination,False,80,
AletheiaNAMI_Projdct_Lucid_multimodal_fullstack_deployer.ipynb,Function,benchmark_hybrid_routing,False,84,
AletheiaNAMI_Projdct_Lucid_multimodal_fullstack_deployer.ipynb,Function,__init__,False,84,
AletheiaNAMI_Projdct_Lucid_multimodal_fullstack_deployer.ipynb,Function,execute_determination,False,84,Routes between Cython and RAUM based on 34:1 ratio.
AletheiaNAMI_Projdct_Lucid_multimodal_fullstack_deployer.ipynb,Function,__init__,False,85,
AletheiaNAMI_Projdct_Lucid_multimodal_fullstack_deployer.ipynb,Function,execute_determination,False,85,Enforced Sequential FastPath for maximum throughput.
AletheiaNAMI_Projdct_Lucid_multimodal_fullstack_deployer.ipynb,Function,run_technical_audit,False,97,
AletheiaNAMI_Projdct_Lucid_multimodal_fullstack_deployer.ipynb,Function,__init__,False,97,
AletheiaNAMI_Projdct_Lucid_multimodal_fullstack_deployer.ipynb,Function,allocate_node,False,97,
AletheiaNAMI_Projdct_Lucid_multimodal_fullstack_deployer.ipynb,Function,__init__,False,97,
AletheiaNAMI_Projdct_Lucid_multimodal_fullstack_deployer.ipynb,Function,operationalize_triangulation,False,97,
AletheiaNAMI_Projdct_Lucid_multimodal_fullstack_deployer.ipynb,Function,commit_sql_batch,False,97,
AletheiaNAMI_Projdct_Lucid_multimodal_fullstack_deployer.ipynb,Function,setUp,False,97,
AletheiaNAMI_Projdct_Lucid_multimodal_fullstack_deployer.ipynb,Function,test_core_substrate_grounding,False,97,
AletheiaNAMI_Projdct_Lucid_multimodal_fullstack_deployer.ipynb,Function,test_persistence_triangulation,False,97,
AletheiaNAMI_Projdct_Lucid_multimodal_fullstack_deployer.ipynb,Function,test_audit_scalar_scope,False,97,
AletheiaNAMI_Projdct_Lucid_multimodal_fullstack_deployer.ipynb,Function,generate_lucid_notebook,False,99,Generates a clean .ipynb file containing only Lucid code blocks.
AletheiaNAMI_Projdct_Lucid_multimodal_fullstack_deployer.ipynb,Function,run_unified_audit,False,100,
AletheiaNAMI_Projdct_Lucid_multimodal_fullstack_deployer.ipynb,Function,__init__,False,100,
AletheiaNAMI_Projdct_Lucid_multimodal_fullstack_deployer.ipynb,Function,allocate_node,False,100,
AletheiaNAMI_Projdct_Lucid_multimodal_fullstack_deployer.ipynb,Function,__init__,False,100,
AletheiaNAMI_Projdct_Lucid_multimodal_fullstack_deployer.ipynb,Function,operationalize_triangulation,False,100,
AletheiaNAMI_Projdct_Lucid_multimodal_fullstack_deployer.ipynb,Function,commit_sql_batch,False,100,
AletheiaNAMI_Projdct_Lucid_multimodal_fullstack_deployer.ipynb,Function,evaluate_matrix_integrity,False,102,Calculates the global parity of the skill matrix.
AletheiaNAMI_Projdct_Lucid_multimodal_fullstack_deployer.ipynb,Function,__init__,False,102,
AletheiaNAMI_Projdct_Lucid_multimodal_fullstack_deployer.ipynb,Function,allocate_node,False,102,
AletheiaNAMI_Projdct_Lucid_multimodal_fullstack_deployer.ipynb,Function,__init__,False,102,
AletheiaNAMI_Projdct_Lucid_multimodal_fullstack_deployer.ipynb,Function,ground_skill,False,102,"Proficiency is mapped to resonance:
Resonance = (G0 * Proficiency) + (Harmonic_Damper / 1000)"
AletheiaNAMI_Projdct_Lucid_multimodal_fullstack_deployer.ipynb,Function,plot_skill_substrate,False,104,
AletheiaNAMI_Projdct_Lucid_multimodal_fullstack_deployer.ipynb,Function,plot_performance_vector,False,106,
AletheiaNAMI_Projdct_Lucid_multimodal_fullstack_deployer.ipynb,Function,generate_4d_morphology,False,108,
AletheiaNAMI_Projdct_Lucid_multimodal_fullstack_deployer.ipynb,Function,update,False,110,
AletheiaNAMI_Projdct_Lucid_multimodal_fullstack_deployer.ipynb,Function,__init__,False,111,
AletheiaNAMI_Projdct_Lucid_multimodal_fullstack_deployer.ipynb,Function,_log,False,111,
AletheiaNAMI_Projdct_Lucid_multimodal_fullstack_deployer.ipynb,Function,automate_grounding,False,111,
AletheiaNAMI_Projdct_Lucid_multimodal_fullstack_deployer.ipynb,Function,execute_spectral_audit,False,111,
AletheiaNAMI_Projdct_Lucid_multimodal_fullstack_deployer.ipynb,Function,generate_final_report,False,111,
AletheiaNAMI_Projdct_Lucid_multimodal_fullstack_deployer.ipynb,Function,generate_4d_expansion_matrix,False,113,
AletheiaNAMI_Projdct_Lucid_multimodal_fullstack_deployer.ipynb,Function,calculate_vp_index,False,113,
AletheiaNAMI_Projdct_Lucid_multimodal_fullstack_deployer.ipynb,Function,calculate_wave_field_dynamics,False,118,
AletheiaNAMI_Projdct_Lucid_multimodal_fullstack_deployer.ipynb,Function,calculate_wave_field_dynamics,False,122,
AletheiaNAMI_Projdct_Lucid_multimodal_fullstack_deployer.ipynb,Function,generate_radiant_spectrum_mapping,False,127,
AletheiaNAMI_Projdct_Lucid_multimodal_fullstack_deployer.ipynb,Function,execute_recursive_incursion,False,129,
AletheiaNAMI_Projdct_Lucid_multimodal_fullstack_deployer.ipynb,Function,__init__,False,129,
AletheiaNAMI_Projdct_Lucid_multimodal_fullstack_deployer.ipynb,Function,operationalize_triangulation,True,129,
AletheiaNAMI_Projdct_Lucid_multimodal_fullstack_deployer.ipynb,Function,plot_performance_provenance,False,130,
AletheiaNAMI_Projdct_Lucid_multimodal_fullstack_deployer.ipynb,Function,generate_superposition_morphologies,False,132,
AletheiaNAMI_Projdct_Lucid_multimodal_fullstack_deployer.ipynb,Function,plot_color_attenuation_holograph,False,133,
AletheiaNAMI_Projdct_Lucid_multimodal_fullstack_deployer.ipynb,Function,plot_tripartite_spectral_geosynchronicity,False,135,
AletheiaNAMI_Projdct_Lucid_multimodal_fullstack_deployer.ipynb,Function,update,False,136,
pattern_processing_0processor0mmap_mod1_tlde_mod2_multimodal_fullstack_deployer_colab_construct_o.ipynb,Class,NonParityBinaryWitness,False,4,
pattern_processing_0processor0mmap_mod1_tlde_mod2_multimodal_fullstack_deployer_colab_construct_o.ipynb,Class,ZeroProcessorSubstrate,False,4,
pattern_processing_0processor0mmap_mod1_tlde_mod2_multimodal_fullstack_deployer_colab_construct_o.ipynb,Class,PrismMirrorCache,False,4,
pattern_processing_0processor0mmap_mod1_tlde_mod2_multimodal_fullstack_deployer_colab_construct_o.ipynb,Class,AtomicPrismMirror,False,4,
pattern_processing_0processor0mmap_mod1_tlde_mod2_multimodal_fullstack_deployer_colab_construct_o.ipynb,Class,Unified0ProcessorApp,False,4,
pattern_processing_0processor0mmap_mod1_tlde_mod2_multimodal_fullstack_deployer_colab_construct_o.ipynb,Class,IBitStruct,False,4,
pattern_processing_0processor0mmap_mod1_tlde_mod2_multimodal_fullstack_deployer_colab_construct_o.ipynb,Class,ScalarPatternResolver,False,7,
pattern_processing_0processor0mmap_mod1_tlde_mod2_multimodal_fullstack_deployer_colab_construct_o.ipynb,Class,L3WaitRoomCache,False,20,
pattern_processing_0processor0mmap_mod1_tlde_mod2_multimodal_fullstack_deployer_colab_construct_o.ipynb,Class,AdaptiveOutputOrchestrator,False,23,
pattern_processing_0processor0mmap_mod1_tlde_mod2_multimodal_fullstack_deployer_colab_construct_o.ipynb,Class,TransparencyProvenanceKernel,False,26,
pattern_processing_0processor0mmap_mod1_tlde_mod2_multimodal_fullstack_deployer_colab_construct_o.ipynb,Class,ArchitecturalRegistry,False,30,"Maintains a full assembly intelligence mapping of every module bolting onto the system.
Each entry defines what the module is, what it does, and its core functions."
pattern_processing_0processor0mmap_mod1_tlde_mod2_multimodal_fullstack_deployer_colab_construct_o.ipynb,Function,compile_and_load_c_ffi,False,4,
pattern_processing_0processor0mmap_mod1_tlde_mod2_multimodal_fullstack_deployer_colab_construct_o.ipynb,Function,main,False,4,
pattern_processing_0processor0mmap_mod1_tlde_mod2_multimodal_fullstack_deployer_colab_construct_o.ipynb,Function,__init__,False,4,
pattern_processing_0processor0mmap_mod1_tlde_mod2_multimodal_fullstack_deployer_colab_construct_o.ipynb,Function,audit_state,False,4,
pattern_processing_0processor0mmap_mod1_tlde_mod2_multimodal_fullstack_deployer_colab_construct_o.ipynb,Function,__init__,False,4,
pattern_processing_0processor0mmap_mod1_tlde_mod2_multimodal_fullstack_deployer_colab_construct_o.ipynb,Function,write_paged_slot,False,4,
pattern_processing_0processor0mmap_mod1_tlde_mod2_multimodal_fullstack_deployer_colab_construct_o.ipynb,Function,read_paged_slot,False,4,
pattern_processing_0processor0mmap_mod1_tlde_mod2_multimodal_fullstack_deployer_colab_construct_o.ipynb,Function,execute_cycle,False,4,
pattern_processing_0processor0mmap_mod1_tlde_mod2_multimodal_fullstack_deployer_colab_construct_o.ipynb,Function,close,False,4,
pattern_processing_0processor0mmap_mod1_tlde_mod2_multimodal_fullstack_deployer_colab_construct_o.ipynb,Function,__init__,False,4,
pattern_processing_0processor0mmap_mod1_tlde_mod2_multimodal_fullstack_deployer_colab_construct_o.ipynb,Function,_quantize_pattern,False,4,
pattern_processing_0processor0mmap_mod1_tlde_mod2_multimodal_fullstack_deployer_colab_construct_o.ipynb,Function,_generate_duplex_chains,False,4,
pattern_processing_0processor0mmap_mod1_tlde_mod2_multimodal_fullstack_deployer_colab_construct_o.ipynb,Function,store_reflection,False,4,
pattern_processing_0processor0mmap_mod1_tlde_mod2_multimodal_fullstack_deployer_colab_construct_o.ipynb,Function,reflect,False,4,
pattern_processing_0processor0mmap_mod1_tlde_mod2_multimodal_fullstack_deployer_colab_construct_o.ipynb,Function,__init__,False,4,
pattern_processing_0processor0mmap_mod1_tlde_mod2_multimodal_fullstack_deployer_colab_construct_o.ipynb,Function,_evict_lfu,False,4,
pattern_processing_0processor0mmap_mod1_tlde_mod2_multimodal_fullstack_deployer_colab_construct_o.ipynb,Function,_promote_to_hot,False,4,
pattern_processing_0processor0mmap_mod1_tlde_mod2_multimodal_fullstack_deployer_colab_construct_o.ipynb,Function,synthesize_reflection,False,4,
pattern_processing_0processor0mmap_mod1_tlde_mod2_multimodal_fullstack_deployer_colab_construct_o.ipynb,Function,is_captured,False,4,Checks if a pattern is already known to avoid reprocessing.
pattern_processing_0processor0mmap_mod1_tlde_mod2_multimodal_fullstack_deployer_colab_construct_o.ipynb,Function,__init__,False,4,
pattern_processing_0processor0mmap_mod1_tlde_mod2_multimodal_fullstack_deployer_colab_construct_o.ipynb,Function,run_benchmark_suite,False,4,
pattern_processing_0processor0mmap_mod1_tlde_mod2_multimodal_fullstack_deployer_colab_construct_o.ipynb,Function,shutdown,False,4,
pattern_processing_0processor0mmap_mod1_tlde_mod2_multimodal_fullstack_deployer_colab_construct_o.ipynb,Function,run_persistent_audit,False,5,
pattern_processing_0processor0mmap_mod1_tlde_mod2_multimodal_fullstack_deployer_colab_construct_o.ipynb,Function,process_with_diversion,False,6,"Checks the Prism for existing patterns before submission.
If captured, it diverts the processor and skips the substrate cycle.
Logs execution metrics to a configurable path (env: DIVERSION_LOG_PATH)."
pattern_processing_0processor0mmap_mod1_tlde_mod2_multimodal_fullstack_deployer_colab_construct_o.ipynb,Function,__init__,False,7,
pattern_processing_0processor0mmap_mod1_tlde_mod2_multimodal_fullstack_deployer_colab_construct_o.ipynb,Function,load_registry,False,7,Loads learned scalars from persistent storage into the Prism library.
pattern_processing_0processor0mmap_mod1_tlde_mod2_multimodal_fullstack_deployer_colab_construct_o.ipynb,Function,reflect_from_substrate,False,7,"ZERO-COPY PROJECTION: Decomposes and resolves a pattern directly from its
memory-mapped address in the substrate without copying it to a string buffer."
pattern_processing_0processor0mmap_mod1_tlde_mod2_multimodal_fullstack_deployer_colab_construct_o.ipynb,Function,sync_registry,False,7,
pattern_processing_0processor0mmap_mod1_tlde_mod2_multimodal_fullstack_deployer_colab_construct_o.ipynb,Function,get_total_size,False,8,"Recursively finds size of objects, handling nested slots and dicts across inheritance."
pattern_processing_0processor0mmap_mod1_tlde_mod2_multimodal_fullstack_deployer_colab_construct_o.ipynb,Function,expand_pattern_library,False,9,Simulates continuous ingestion to expand the pattern library.
pattern_processing_0processor0mmap_mod1_tlde_mod2_multimodal_fullstack_deployer_colab_construct_o.ipynb,Function,memory_benchmark_scale,False,10,
pattern_processing_0processor0mmap_mod1_tlde_mod2_multimodal_fullstack_deployer_colab_construct_o.ipynb,Function,scaling_benchmark_visualizer,False,11,
pattern_processing_0processor0mmap_mod1_tlde_mod2_multimodal_fullstack_deployer_colab_construct_o.ipynb,Function,evaluate_ops_performance,False,12,"Evaluates Ops Per Second (OPS) and click cycle savings by comparing
Substrate Execution vs. Scalar Pattern Diversion."
pattern_processing_0processor0mmap_mod1_tlde_mod2_multimodal_fullstack_deployer_colab_construct_o.ipynb,Function,original_processing_sim,False,16,
pattern_processing_0processor0mmap_mod1_tlde_mod2_multimodal_fullstack_deployer_colab_construct_o.ipynb,Function,zero_copy_processing_sim,False,16,
pattern_processing_0processor0mmap_mod1_tlde_mod2_multimodal_fullstack_deployer_colab_construct_o.ipynb,Function,__init__,False,20,
pattern_processing_0processor0mmap_mod1_tlde_mod2_multimodal_fullstack_deployer_colab_construct_o.ipynb,Function,stage_output,False,20,Instantaneous injection from the Scalar Resolver.
pattern_processing_0processor0mmap_mod1_tlde_mod2_multimodal_fullstack_deployer_colab_construct_o.ipynb,Function,release_to_hardware,False,20,Released data only when the coprocessor is ready (Wait-Room logic).
pattern_processing_0processor0mmap_mod1_tlde_mod2_multimodal_fullstack_deployer_colab_construct_o.ipynb,Function,simulate_hardware_bottleneck,False,21,Simulates a slow hardware coprocessor pulling from the Wait-Room.
pattern_processing_0processor0mmap_mod1_tlde_mod2_multimodal_fullstack_deployer_colab_construct_o.ipynb,Function,__init__,False,23,
pattern_processing_0processor0mmap_mod1_tlde_mod2_multimodal_fullstack_deployer_colab_construct_o.ipynb,Function,orchestrate,False,23,"Routes payload based on data_type latency requirements.
'instant': direct projection (0-latency)
'hardware': routed to L3 Wait-Room"
pattern_processing_0processor0mmap_mod1_tlde_mod2_multimodal_fullstack_deployer_colab_construct_o.ipynb,Function,__init__,False,26,
pattern_processing_0processor0mmap_mod1_tlde_mod2_multimodal_fullstack_deployer_colab_construct_o.ipynb,Function,_initialize_registry,False,26,
pattern_processing_0processor0mmap_mod1_tlde_mod2_multimodal_fullstack_deployer_colab_construct_o.ipynb,Function,execute_handshake,False,26,"Performs a reassimilative handshake between two modules,
recording provenance and evolving the system state."
pattern_processing_0processor0mmap_mod1_tlde_mod2_multimodal_fullstack_deployer_colab_construct_o.ipynb,Function,__init__,False,30,
pattern_processing_0processor0mmap_mod1_tlde_mod2_multimodal_fullstack_deployer_colab_construct_o.ipynb,Function,_initialize_core_mappings,False,30,
pattern_processing_0processor0mmap_mod1_tlde_mod2_multimodal_fullstack_deployer_colab_construct_o.ipynb,Function,register_module,False,30,
pattern_processing_0processor0mmap_mod1_tlde_mod2_multimodal_fullstack_deployer_colab_construct_o.ipynb,Function,display_whitesheet,False,30,
Phonics_Engine_Deterministic_ipynb.ipynb,Class,FieldCongruenceState,False,2,
Phonics_Engine_Deterministic_ipynb.ipynb,Class,PhonemeAcousticNode,False,2,
Phonics_Engine_Deterministic_ipynb.ipynb,Class,PhonicsVibronicParser,False,2,"Transpiles linguistic strings into physical Data-Molecules.
Bypasses BPE tokenization by evaluating acoustic resonances,
atomic consonant scaffolding, and covalent prime vowel bonding."
Phonics_Engine_Deterministic_ipynb.ipynb,Class,BiharmonicChladniBesselSolver,False,2,"Solves 2D biharmonic wave equation (del^4 psi - k^4 psi = 0)
for both square Ritz plates and circular Bessel clamped membranes."
Phonics_Engine_Deterministic_ipynb.ipynb,Class,SovereignAcousticSynthesizer,False,2,"Coupled Two-Mass Glottal Vocal Source + 2.5D BEM-Webster Filter Engine.
Synthesizes unvoiced aspirated stops, voiced stops, and nasal antizeroes."
Phonics_Engine_Deterministic_ipynb.ipynb,Class,EquilateralCongruenceAuditor,False,2,"Audits complete system state across the 5 canonical invariants:
Zeroth-Law, Mersenne Primes, Golden Ratio, Fine Structure, and OMAT Paraconsistency."
Phonics_Engine_Deterministic_ipynb.ipynb,Class,UnifiedPhonicsEngineHarness,False,2,
Phonics_Engine_Deterministic_ipynb.ipynb,Function,__init__,False,2,
Phonics_Engine_Deterministic_ipynb.ipynb,Function,_build_phoneme_table,False,2,
Phonics_Engine_Deterministic_ipynb.ipynb,Function,transpile_word_to_molecule,False,2,
Phonics_Engine_Deterministic_ipynb.ipynb,Function,__init__,False,2,
Phonics_Engine_Deterministic_ipynb.ipynb,Function,solve_square_ritz_plate,False,2,Square plate Ritz eigenmode: psi = a*sin(m*pi*x)*sin(n*pi*y) - b*sin(n*pi*x)*sin(m*pi*y)
Phonics_Engine_Deterministic_ipynb.ipynb,Function,solve_circular_bessel_plate,False,2,"Circular clamped plate: psi(r, theta) = [J_m(lambda*r) - gamma*I_m(lambda*r)] * cos(m*theta)"
Phonics_Engine_Deterministic_ipynb.ipynb,Function,__init__,False,2,
Phonics_Engine_Deterministic_ipynb.ipynb,Function,_rosenberg_glottal_pulse,False,2,
Phonics_Engine_Deterministic_ipynb.ipynb,Function,synthesize_syllable,False,2,"Synthesizes dynamic CV syllable with release burst, VOT aspiration,
exponential formant trajectories, and nasal antizero notch filtering."
Phonics_Engine_Deterministic_ipynb.ipynb,Function,__init__,False,2,
Phonics_Engine_Deterministic_ipynb.ipynb,Function,evaluate_field_congruence,False,2,
Phonics_Engine_Deterministic_ipynb.ipynb,Function,__init__,False,2,
Phonics_Engine_Deterministic_ipynb.ipynb,Function,execute_full_pipeline,False,2,
Extend_the_dynamic_speech_synthesizer_to_support_.ipynb,Class,AdvancedSpeechSynthesizer,False,2,"Parametric articulatory speech synthesizer supporting:
  - Voiced & unvoiced aspirated stops (/p, t, k, b, d, g/) with release bursts & VOT aspiration
  - Nasal murmurs (/m, n/) with acoustic stub antiformants (zeroes) & velopharyngeal coupling"
Extend_the_dynamic_speech_synthesizer_to_support_.ipynb,Function,__init__,False,2,
Extend_the_dynamic_speech_synthesizer_to_support_.ipynb,Function,_rosenberg_pulse_deriv,False,2,Generates differentiated Rosenberg glottal pulse train for lip radiation.
Extend_the_dynamic_speech_synthesizer_to_support_.ipynb,Function,_biquad_pole,False,2,Applies time-varying 2nd-order resonant pole (Formant Resonator).
Extend_the_dynamic_speech_synthesizer_to_support_.ipynb,Function,_biquad_zero_notch,False,2,"Applies time-varying 2nd-order antiresonant zero (Acoustic Stub Notch Filter).
depth_traj: 1.0 during nasal murmur (full notch), fading to 0.0 (no zero)."
Extend_the_dynamic_speech_synthesizer_to_support_.ipynb,Function,synthesize,False,2,
create_a_multi_skill_set_specifically_for_coding_.ipynb,Class,TernaryState,False,2,
create_a_multi_skill_set_specifically_for_coding_.ipynb,Class,IntegerIBit,False,2,
create_a_multi_skill_set_specifically_for_coding_.ipynb,Class,GaloisField16NLI,False,2,
create_a_multi_skill_set_specifically_for_coding_.ipynb,Class,DoubleInclinationMemoryGovernor,False,2,
create_a_multi_skill_set_specifically_for_coding_.ipynb,Class,BilateralMmapRingBuffer,False,2,
create_a_multi_skill_set_specifically_for_coding_.ipynb,Function,enforce_zeroth_law,False,2,
create_a_multi_skill_set_specifically_for_coding_.ipynb,Function,__init__,False,2,
create_a_multi_skill_set_specifically_for_coding_.ipynb,Function,nli_swizzle,False,2,
create_a_multi_skill_set_specifically_for_coding_.ipynb,Function,__init__,False,2,
create_a_multi_skill_set_specifically_for_coding_.ipynb,Function,sample_pressure,False,2,
create_a_multi_skill_set_specifically_for_coding_.ipynb,Function,resolve_batch_size,False,2,
create_a_multi_skill_set_specifically_for_coding_.ipynb,Function,should_purge_cache,False,2,
create_a_multi_skill_set_specifically_for_coding_.ipynb,Function,__init__,False,2,
create_a_multi_skill_set_specifically_for_coding_.ipynb,Function,close,False,2,
create_a_multi_skill_set_specifically_for_coding_.ipynb,Function,encode_forward_frame,False,2,
create_a_multi_skill_set_specifically_for_coding_.ipynb,Function,encode_mirror_frame,False,2,
create_a_multi_skill_set_specifically_for_coding_.ipynb,Function,decode_frame,False,2,
create_a_multi_skill_set_specifically_for_coding_.ipynb,Function,write_bilateral_chunk,False,2,
create_a_multi_skill_set_specifically_for_coding_.ipynb,Function,reconcile_convergence_stream,False,2,
⅔⅓¾Digital_Twins¾(1_5_2)).ipynb,Class,ClassificationRegime,False,3,
⅔⅓¾Digital_Twins¾(1_5_2)).ipynb,Class,AgentRole,False,3,
⅔⅓¾Digital_Twins¾(1_5_2)).ipynb,Class,SwarmAgentNode,False,3,
⅔⅓¾Digital_Twins¾(1_5_2)).ipynb,Class,SwarmProcessObject,False,3,
⅔⅓¾Digital_Twins¾(1_5_2)).ipynb,Class,NaturalForestHiveSwarmEngine,False,3,
⅔⅓¾Digital_Twins¾(1_5_2)).ipynb,Class,AletheiaUnifiedInterface,False,5,Unified endpoint for Lucid Multimodal Deployer and Skill Matrix integration with SQL Persistence and Parity Auditing.
⅔⅓¾Digital_Twins¾(1_5_2)).ipynb,Function,__init__,False,3,
⅔⅓¾Digital_Twins¾(1_5_2)).ipynb,Function,init_swarm_hierarchy,False,3,
⅔⅓¾Digital_Twins¾(1_5_2)).ipynb,Function,scale_swarm,False,3,REFACTORED: Dynamically scales the swarm by adding specialized drone nodes.
⅔⅓¾Digital_Twins¾(1_5_2)).ipynb,Function,compute_coalition_affinity,False,3,
⅔⅓¾Digital_Twins¾(1_5_2)).ipynb,Function,execute_closed_classification_po,False,3,
⅔⅓¾Digital_Twins¾(1_5_2)).ipynb,Function,execute_disparate_inclusion_po,False,3,
⅔⅓¾Digital_Twins¾(1_5_2)).ipynb,Function,run_swarm_pipeline,False,3,
⅔⅓¾Digital_Twins¾(1_5_2)).ipynb,Function,ingest_remote_notebook,False,4,
⅔⅓¾Digital_Twins¾(1_5_2)).ipynb,Function,__init__,False,5,
⅔⅓¾Digital_Twins¾(1_5_2)).ipynb,Function,_init_persistence,False,5,Initializes the SQLite persistence layer.
⅔⅓¾Digital_Twins¾(1_5_2)).ipynb,Function,actualize_skill_matrix,False,5,Maps ingested Skill Matrix data to Tier 3 Drone competency vectors.
⅔⅓¾Digital_Twins¾(1_5_2)).ipynb,Function,lucid_deploy,False,5,Interface for Project Lucid Multimodal Fullstack Deployer with Persistence Logging.
⅔⅓¾Digital_Twins¾(1_5_2)).ipynb,Function,get_system_status,False,5,REFACTORED: Includes automated parity check report.
Coupled_2_5D_Hybrid_BEM_Webster_Acoustic_Engine.ipynb,Class,BEMSlice2D,False,2,
Coupled_2_5D_Hybrid_BEM_Webster_Acoustic_Engine.ipynb,Class,CoupledBEMWebsterSolver,False,2,
Coupled_2_5D_Hybrid_BEM_Webster_Acoustic_Engine.ipynb,Function,generate_vocal_tract_3d,False,2,"Generates realistic 3D vocal tract profiles (Glottis z=0 to Lips z=17.5cm)
with parameterized bi-elliptic and superelliptical cross-sections."
Coupled_2_5D_Hybrid_BEM_Webster_Acoustic_Engine.ipynb,Function,num_elements,False,2,
Coupled_2_5D_Hybrid_BEM_Webster_Acoustic_Engine.ipynb,Function,compute_geometric_invariants,False,2,"Calculates exact Area S, Perimeter P, Hydraulic Radius Rh, and Compactness."
Coupled_2_5D_Hybrid_BEM_Webster_Acoustic_Engine.ipynb,Function,estimate_transverse_cuton_wavenumber,False,2,Approximates the first transverse cut-on frequency via maximum chord diameter.
Coupled_2_5D_Hybrid_BEM_Webster_Acoustic_Engine.ipynb,Function,__init__,False,2,
Coupled_2_5D_Hybrid_BEM_Webster_Acoustic_Engine.ipynb,Function,_extract_slice_properties,False,2,Extracts BEM-integrated geometric variables across all axial coordinates.
Coupled_2_5D_Hybrid_BEM_Webster_Acoustic_Engine.ipynb,Function,_compute_radiation_impedance,False,2,Computes Levine-Schwinger radiation impedance at the 2D BEM lip aperture.
Coupled_2_5D_Hybrid_BEM_Webster_Acoustic_Engine.ipynb,Function,solve_transfer_function,False,2,"Solves the coupled BEM-Webster transfer matrix chain across all frequencies.
Returns: (Frequency array, Transfer Function Magnitude |H(f)| in dB)"
Coupled_2_5D_Hybrid_BEM_Webster_Acoustic_Engine.ipynb,Function,reconstruct_3d_acoustic_field,False,2,"Reconstructs the full 3D internal acoustic pressure field P(x, y, z)
by projecting 1D Webster axial standing waves onto 2D BEM slice contours."
Implement_Boundary_Element_Method_(BEM)_solvers_f_.ipynb,Class,BoundaryElement2D,False,2,
Implement_Boundary_Element_Method_(BEM)_solvers_f_.ipynb,Class,HelmholtzBEMSolver2D,False,2,"Direct Collocation 2D Boundary Element Method (BEM) Solver for the
Helmholtz equation (Laplace + k^2) in arbitrary non-circular geometries."
Implement_Boundary_Element_Method_(BEM)_solvers_f_.ipynb,Function,generate_vocal_tract_contour,False,2,Generates parameterized boundary elements for speech vocal tract cross-sections.
Implement_Boundary_Element_Method_(BEM)_solvers_f_.ipynb,Function,length,False,2,
Implement_Boundary_Element_Method_(BEM)_solvers_f_.ipynb,Function,midpoint,False,2,
Implement_Boundary_Element_Method_(BEM)_solvers_f_.ipynb,Function,normal,False,2,
Implement_Boundary_Element_Method_(BEM)_solvers_f_.ipynb,Function,__init__,False,2,
Implement_Boundary_Element_Method_(BEM)_solvers_f_.ipynb,Function,_assemble_matrices,False,2,
Implement_Boundary_Element_Method_(BEM)_solvers_f_.ipynb,Function,solve_impedance_response,False,2,Solves Robin / Admittance Boundary Condition: q(y) = -i*k*beta*psi(y) + v_drive(y)
Implement_Boundary_Element_Method_(BEM)_solvers_f_.ipynb,Function,evaluate_internal_field,False,2,Computes the acoustic pressure field inside the irregular domain via representation integral.
Mod_of_Original_of_Quantum_Inspired_PageRank_Graph_Visualizer.ipynb,Class,EndpointRegistry,False,28,Handles the intelligent mapping of input and output modular endpoints.
Mod_of_Original_of_Quantum_Inspired_PageRank_Graph_Visualizer.ipynb,Class,AdaptiveController,False,31,
Mod_of_Original_of_Quantum_Inspired_PageRank_Graph_Visualizer.ipynb,Function,crawl_site,False,3,
Mod_of_Original_of_Quantum_Inspired_PageRank_Graph_Visualizer.ipynb,Function,compute_pagerank,False,3,
Mod_of_Original_of_Quantum_Inspired_PageRank_Graph_Visualizer.ipynb,Function,visualize_graph,False,3,
Mod_of_Original_of_Quantum_Inspired_PageRank_Graph_Visualizer.ipynb,Function,run_pagerank_application,False,3,
Mod_of_Original_of_Quantum_Inspired_PageRank_Graph_Visualizer.ipynb,Function,is_valid,False,3,
Mod_of_Original_of_Quantum_Inspired_PageRank_Graph_Visualizer.ipynb,Function,crawl,False,3,
Mod_of_Original_of_Quantum_Inspired_PageRank_Graph_Visualizer.ipynb,Function,identify_orphans,False,4,Pages with in-degree of 0 (excluding the start node).
Mod_of_Original_of_Quantum_Inspired_PageRank_Graph_Visualizer.ipynb,Function,save_and_download_graph,False,4,
Mod_of_Original_of_Quantum_Inspired_PageRank_Graph_Visualizer.ipynb,Function,visualize_graph_spring,False,4,
Mod_of_Original_of_Quantum_Inspired_PageRank_Graph_Visualizer.ipynb,Function,map_domain,False,6,
Mod_of_Original_of_Quantum_Inspired_PageRank_Graph_Visualizer.ipynb,Function,crawl,False,6,
Mod_of_Original_of_Quantum_Inspired_PageRank_Graph_Visualizer.ipynb,Function,crawl_site,False,7,
Mod_of_Original_of_Quantum_Inspired_PageRank_Graph_Visualizer.ipynb,Function,crawl,False,7,
Mod_of_Original_of_Quantum_Inspired_PageRank_Graph_Visualizer.ipynb,Function,crawl_with_headers,False,8,
Mod_of_Original_of_Quantum_Inspired_PageRank_Graph_Visualizer.ipynb,Function,crawl,False,8,
Mod_of_Original_of_Quantum_Inspired_PageRank_Graph_Visualizer.ipynb,Function,convert_to_drawio_xml,False,13,Converts a NetworkX graph with headers to a Draw.io compatible XML structure.
Mod_of_Original_of_Quantum_Inspired_PageRank_Graph_Visualizer.ipynb,Function,launch_whiteboard,False,17,
Mod_of_Original_of_Quantum_Inspired_PageRank_Graph_Visualizer.ipynb,Function,ingest_graph_to_lattices,False,19,Converts graph nodes and headers into the 3-lattice storage.
Mod_of_Original_of_Quantum_Inspired_PageRank_Graph_Visualizer.ipynb,Function,apply_zero_data_embossing,False,21,"Simulates the embossing logic to transform data frames into
0-data weight transparency layers."
Mod_of_Original_of_Quantum_Inspired_PageRank_Graph_Visualizer.ipynb,Function,wrap_in_peltier_container,False,21,"Wraps the lattice in a thermal-isolated 'Peltier' container
as defined in the seas_a_aeason notebooks."
Mod_of_Original_of_Quantum_Inspired_PageRank_Graph_Visualizer.ipynb,Function,visualize_embossed_payload,False,23,Visualizes the knowledge graph held within the Peltier container.
Mod_of_Original_of_Quantum_Inspired_PageRank_Graph_Visualizer.ipynb,Function,ingest_whiteboard_to_lattice,False,25,Parses Excalidraw elements and appends them to the DuckDB site_nodes table.
Mod_of_Original_of_Quantum_Inspired_PageRank_Graph_Visualizer.ipynb,Function,__init__,False,28,
Mod_of_Original_of_Quantum_Inspired_PageRank_Graph_Visualizer.ipynb,Function,register_input,False,28,
Mod_of_Original_of_Quantum_Inspired_PageRank_Graph_Visualizer.ipynb,Function,register_processor,False,28,
Mod_of_Original_of_Quantum_Inspired_PageRank_Graph_Visualizer.ipynb,Function,register_output,False,28,
Mod_of_Original_of_Quantum_Inspired_PageRank_Graph_Visualizer.ipynb,Function,run_pipeline,False,28,Executes a reconfigured flow across registered modules.
Mod_of_Original_of_Quantum_Inspired_PageRank_Graph_Visualizer.ipynb,Function,input_web_crawl,False,29,
Mod_of_Original_of_Quantum_Inspired_PageRank_Graph_Visualizer.ipynb,Function,process_transparency_emboss,False,29,
Mod_of_Original_of_Quantum_Inspired_PageRank_Graph_Visualizer.ipynb,Function,output_visual_report,False,29,
Mod_of_Original_of_Quantum_Inspired_PageRank_Graph_Visualizer.ipynb,Function,__init__,False,31,
Mod_of_Original_of_Quantum_Inspired_PageRank_Graph_Visualizer.ipynb,Function,monitor_and_optimize,False,31,Analyses node count and selects the optimal processor module.
Mod_of_Original_of_Quantum_Inspired_PageRank_Graph_Visualizer.ipynb,Function,automate_whiteboard_overlay,False,32,"Simulates the 'inversioned layering' by programmatically generating
Excalidraw elements for every captured URL, then ingesting them."
Mod_of_Original_of_Quantum_Inspired_PageRank_Graph_Visualizer.ipynb,Function,apply_holographic_embossing,False,32,"Applies the full embossing engine to the DuckDB lattice,
quantifying nodes into their phase-space containers."
ASAAS_Sovereign_Monolithic_Substrate_Ignition.ipynb,Class,TripartiteSubstrate,False,1,"Manages workspace paths, Google Drive synchronization, and SQLite state tables."
ASAAS_Sovereign_Monolithic_Substrate_Ignition.ipynb,Class,VibronicResult,False,1,
ASAAS_Sovereign_Monolithic_Substrate_Ignition.ipynb,Class,BareMetalFFIKernel,False,1,Compiles C-code to .so dynamic shared library and binds via ctypes FFI.
ASAAS_Sovereign_Monolithic_Substrate_Ignition.ipynb,Class,HexadecimalSubstrateManager,False,1,Manages raw system RAM zero-copy shared memory maps bypassing BPE tokenization.
ASAAS_Sovereign_Monolithic_Substrate_Ignition.ipynb,Class,A2UIProtocolRenderer,False,1,"Generates platform-agnostic, flat adjacency list A2UI declarative JSON manifests."
ASAAS_Sovereign_Monolithic_Substrate_Ignition.ipynb,Class,PolarSensoryRadarRenderer,False,1,Translates system maturity into 5D Orthogonal Sensory Radar coordinates and renders PNG.
ASAAS_Sovereign_Monolithic_Substrate_Ignition.ipynb,Class,ChiralOmegaObserverDaemon,False,1,Container Omega background daemon thread executing continuous Chiral Mirror Parity audits.
ASAAS_Sovereign_Monolithic_Substrate_Ignition.ipynb,Class,DistributedClientGenerator,False,1,Generates standalone nodal_deploy.py client for remote edge handshakes.
ASAAS_Sovereign_Monolithic_Substrate_Ignition.ipynb,Class,ParallelSwarmIngestEngine,False,1,"Deep-sweeps cloud folders, crystallizes code-crystals, and exports catalogs."
ASAAS_Sovereign_Monolithic_Substrate_Ignition.ipynb,Function,main_monolithic_bootstrap,False,1,
ASAAS_Sovereign_Monolithic_Substrate_Ignition.ipynb,Function,__init__,False,1,
ASAAS_Sovereign_Monolithic_Substrate_Ignition.ipynb,Function,_initialize_directories,False,1,
ASAAS_Sovereign_Monolithic_Substrate_Ignition.ipynb,Function,_mount_google_drive,False,1,
ASAAS_Sovereign_Monolithic_Substrate_Ignition.ipynb,Function,_initialize_sqlite_db,False,1,
ASAAS_Sovereign_Monolithic_Substrate_Ignition.ipynb,Function,__init__,False,1,
ASAAS_Sovereign_Monolithic_Substrate_Ignition.ipynb,Function,_compile_kernel,False,1,
ASAAS_Sovereign_Monolithic_Substrate_Ignition.ipynb,Function,_bind_ffi,False,1,
ASAAS_Sovereign_Monolithic_Substrate_Ignition.ipynb,Function,transform_syntax,False,1,Calculates syntax metrics via bare-metal C-ABI or Python fallback.
ASAAS_Sovereign_Monolithic_Substrate_Ignition.ipynb,Function,__init__,False,1,
ASAAS_Sovereign_Monolithic_Substrate_Ignition.ipynb,Function,_allocate_mmap_buffer,False,1,
ASAAS_Sovereign_Monolithic_Substrate_Ignition.ipynb,Function,write_hex_slot,False,1,
ASAAS_Sovereign_Monolithic_Substrate_Ignition.ipynb,Function,read_hex_slot,False,1,
ASAAS_Sovereign_Monolithic_Substrate_Ignition.ipynb,Function,close,False,1,
ASAAS_Sovereign_Monolithic_Substrate_Ignition.ipynb,Function,__init__,False,1,
ASAAS_Sovereign_Monolithic_Substrate_Ignition.ipynb,Function,generate_a2ui_manifest,False,1,
ASAAS_Sovereign_Monolithic_Substrate_Ignition.ipynb,Function,__init__,False,1,
ASAAS_Sovereign_Monolithic_Substrate_Ignition.ipynb,Function,render_5d_radar,False,1,
ASAAS_Sovereign_Monolithic_Substrate_Ignition.ipynb,Function,__init__,False,1,
ASAAS_Sovereign_Monolithic_Substrate_Ignition.ipynb,Function,start,False,1,
ASAAS_Sovereign_Monolithic_Substrate_Ignition.ipynb,Function,_run_audit_loop,False,1,
ASAAS_Sovereign_Monolithic_Substrate_Ignition.ipynb,Function,_render_performance_plot,False,1,
ASAAS_Sovereign_Monolithic_Substrate_Ignition.ipynb,Function,stop,False,1,
ASAAS_Sovereign_Monolithic_Substrate_Ignition.ipynb,Function,__init__,False,1,
ASAAS_Sovereign_Monolithic_Substrate_Ignition.ipynb,Function,export_nodal_script,False,1,
ASAAS_Sovereign_Monolithic_Substrate_Ignition.ipynb,Function,__init__,False,1,
ASAAS_Sovereign_Monolithic_Substrate_Ignition.ipynb,Function,run_crystallize_pipeline,False,1,
dynamic_consonant_vowel_(CV)_coarticulation.ipynb,Class,DynamicCVSynthesizer,False,2,
dynamic_consonant_vowel_(CV)_coarticulation.ipynb,Function,__init__,False,2,
dynamic_consonant_vowel_(CV)_coarticulation.ipynb,Function,_rosenberg_glottal_pulse,False,2,Generates a derivative Rosenberg glottal airflow excitation.
dynamic_consonant_vowel_(CV)_coarticulation.ipynb,Function,_biquad_coeffs,False,2,Calculates digital second-order resonator pole coefficients.
dynamic_consonant_vowel_(CV)_coarticulation.ipynb,Function,_time_varying_biquad_cascade,False,2,Applies cascade formant filtering with continuous state interpolation.
dynamic_consonant_vowel_(CV)_coarticulation.ipynb,Function,synthesize_syllable,False,2,
Generate_full_colab_deployment_i=e_completed_exit_.ipynb,Class,GMMState,False,3,
Generate_full_colab_deployment_i=e_completed_exit_.ipynb,Class,R2D3MicroPulseEngine,False,5,
Generate_full_colab_deployment_i=e_completed_exit_.ipynb,Class,R2D3LossOrchestrator,False,5,
Generate_full_colab_deployment_i=e_completed_exit_.ipynb,Class,GaloisFieldLandauerBypass,False,7,"Implements reversible in-place state permutations over GF(2^16).
Primitive irreducible polynomial: p(x) = x^16 + x^5 + x^3 + x + 1 (0x1002B)"
Generate_full_colab_deployment_i=e_completed_exit_.ipynb,Class,OMATAdjudicator,False,9,
Generate_full_colab_deployment_i=e_completed_exit_.ipynb,Class,CandidateSparkEvaluation,False,13,
Generate_full_colab_deployment_i=e_completed_exit_.ipynb,Class,UnifiedTelemetrySummary,False,13,
Generate_full_colab_deployment_i=e_completed_exit_.ipynb,Function,run_unitary_rotation,False,3,
Generate_full_colab_deployment_i=e_completed_exit_.ipynb,Function,__init__,False,5,
Generate_full_colab_deployment_i=e_completed_exit_.ipynb,Function,forward,False,5,
Generate_full_colab_deployment_i=e_completed_exit_.ipynb,Function,__init__,False,5,
Generate_full_colab_deployment_i=e_completed_exit_.ipynb,Function,compute_joint_loss,False,5,L_R2D3(theta) = L_TD(theta) + lambda_1 * L_E(theta) + lambda_2 * L_L2(theta)
Generate_full_colab_deployment_i=e_completed_exit_.ipynb,Function,__init__,False,7,
Generate_full_colab_deployment_i=e_completed_exit_.ipynb,Function,reversible_forward_swizzle,False,7,
Generate_full_colab_deployment_i=e_completed_exit_.ipynb,Function,reversible_inverse_swizzle,False,7,
Generate_full_colab_deployment_i=e_completed_exit_.ipynb,Function,__init__,False,9,
Generate_full_colab_deployment_i=e_completed_exit_.ipynb,Function,adjudicate_proposition,False,9,Applies OMAT Transformation Rule: (-1)^2 = 1.0
Generate_full_colab_deployment_i=e_completed_exit_.ipynb,Function,orchestrate_prompt_sim,False,13,
Generate_full_colab_deployment_i=e_completed_exit_.ipynb,Function,verify_report_integrity,False,24,
Autopoietic_Mersenne_Math_Graph.ipynb,Class,TernaryLogic,False,55,"Represents Kleene or Lukasiewicz ternary logic (-1, 0, 1)."
Autopoietic_Mersenne_Math_Graph.ipynb,Class,ParaconsistentLogic,False,59,
Autopoietic_Mersenne_Math_Graph.ipynb,Class,ParaconsistentLogic,False,63,
Autopoietic_Mersenne_Math_Graph.ipynb,Class,ResidueNumberSystem,False,69,Decomposes integers into remainders relative to a set of moduli.
Autopoietic_Mersenne_Math_Graph.ipynb,Class,MersenneIntelligenceSystem,False,85,
Autopoietic_Mersenne_Math_Graph.ipynb,Class,RecursiveAnalysisEngine,False,89,
Autopoietic_Mersenne_Math_Graph.ipynb,Class,ParaconsistentLogic,False,144,
Autopoietic_Mersenne_Math_Graph.ipynb,Class,MersenneIntelligenceSystem,False,144,
Autopoietic_Mersenne_Math_Graph.ipynb,Class,AutopoieticSelectionSystem,False,152,
Autopoietic_Mersenne_Math_Graph.ipynb,Class,AdaptiveAssimilationEngine,False,162,
Autopoietic_Mersenne_Math_Graph.ipynb,Class,AdaptiveAssimilationEngine,False,165,
Autopoietic_Mersenne_Math_Graph.ipynb,Class,AdaptiveAssimilationEngine,False,168,
Autopoietic_Mersenne_Math_Graph.ipynb,Class,AutopoieticSelectionSystem,False,168,
Autopoietic_Mersenne_Math_Graph.ipynb,Class,AutopoieticSelectionAdaptiveAssimilationSystem,False,181,
Autopoietic_Mersenne_Math_Graph.ipynb,Class,AutopoieticSelectionAdaptiveAssimilationSystem,False,184,
Autopoietic_Mersenne_Math_Graph.ipynb,Class,MersenneIntelligenceSystem,False,212,
Autopoietic_Mersenne_Math_Graph.ipynb,Class,AutopoieticSelectionAdaptiveAssimilationSystem,False,213,
Autopoietic_Mersenne_Math_Graph.ipynb,Class,ArtifactPersistenceManager,False,245,
Autopoietic_Mersenne_Math_Graph.ipynb,Class,ASAAS_Evolutionary_Manager,False,251,
Autopoietic_Mersenne_Math_Graph.ipynb,Class,AutopoieticSelectionAdaptiveAssimilationSystem,False,252,
Autopoietic_Mersenne_Math_Graph.ipynb,Class,ASAAS_Evolutionary_Manager,False,253,
Autopoietic_Mersenne_Math_Graph.ipynb,Class,MersenneIntelligenceSystem,False,257,
Autopoietic_Mersenne_Math_Graph.ipynb,Class,AdaptiveAssimilationEngine,False,257,
Autopoietic_Mersenne_Math_Graph.ipynb,Class,MersenneIntelligenceSystem,False,289,
Autopoietic_Mersenne_Math_Graph.ipynb,Class,ASAAS_Kernel,False,289,
Autopoietic_Mersenne_Math_Graph.ipynb,Class,MersenneIntelligenceSystem,False,293,
Autopoietic_Mersenne_Math_Graph.ipynb,Class,AdaptiveAssimilationEngine,False,293,
Autopoietic_Mersenne_Math_Graph.ipynb,Class,ASAAS_Kernel,False,293,
Autopoietic_Mersenne_Math_Graph.ipynb,Class,MersenneIntelligenceSystem,False,307,
Autopoietic_Mersenne_Math_Graph.ipynb,Class,MersenneIntelligenceSystem,False,309,
Autopoietic_Mersenne_Math_Graph.ipynb,Class,AdaptiveAssimilationEngine,False,309,
Autopoietic_Mersenne_Math_Graph.ipynb,Class,ASAAS_Kernel,False,309,
Autopoietic_Mersenne_Math_Graph.ipynb,Class,ParaconsistentLogic,False,354,
Autopoietic_Mersenne_Math_Graph.ipynb,Function,execute_phase_iv_ingestion,False,2,
Autopoietic_Mersenne_Math_Graph.ipynb,Function,find_omni_path,False,2,
Autopoietic_Mersenne_Math_Graph.ipynb,Function,load_module_from_registry,False,5,Dynamically loads a module from the ASAAS sqlite registry into sys.modules.
Autopoietic_Mersenne_Math_Graph.ipynb,Function,asaas_core_engine,False,9,ASAAS Core Engine: A self-contained kernel for autopoietic intelligence.
Autopoietic_Mersenne_Math_Graph.ipynb,Function,export_kernel,False,9,
Autopoietic_Mersenne_Math_Graph.ipynb,Function,get_radiance_boundary,False,9,
Autopoietic_Mersenne_Math_Graph.ipynb,Function,generate_full_provenance,False,19,
Autopoietic_Mersenne_Math_Graph.ipynb,Function,run_specialized_ingestion,False,20,
Autopoietic_Mersenne_Math_Graph.ipynb,Function,rationalize_extreme_logic,False,21,
Autopoietic_Mersenne_Math_Graph.ipynb,Function,asaas_hardened_kernel,False,23,"ASAAS Hardened Kernel: A self-contained, duplexed environment for autopoietic intelligence."
Autopoietic_Mersenne_Math_Graph.ipynb,Function,get_radiance_boundary,False,23,
Autopoietic_Mersenne_Math_Graph.ipynb,Function,parse_file_content,False,29,Parses a single file for content based on its extension.
Autopoietic_Mersenne_Math_Graph.ipynb,Function,crawl_directory_level,False,29,Crawls a specific directory level and parses files.
Autopoietic_Mersenne_Math_Graph.ipynb,Function,deep_parallel_crawl,False,30,Orchestrates the parallel crawl using ProcessPoolExecutor.
Autopoietic_Mersenne_Math_Graph.ipynb,Function,generate_hashes,False,55,
Autopoietic_Mersenne_Math_Graph.ipynb,Function,__init__,False,55,
Autopoietic_Mersenne_Math_Graph.ipynb,Function,to_base_n,False,59,
Autopoietic_Mersenne_Math_Graph.ipynb,Function,__init__,False,59,
Autopoietic_Mersenne_Math_Graph.ipynb,Function,to_base_n,False,63,
Autopoietic_Mersenne_Math_Graph.ipynb,Function,__init__,False,63,
Autopoietic_Mersenne_Math_Graph.ipynb,Function,lucas_lehmer,False,69,Tests if M_p = 2^p - 1 is prime.
Autopoietic_Mersenne_Math_Graph.ipynb,Function,__init__,False,69,
Autopoietic_Mersenne_Math_Graph.ipynb,Function,encode,False,69,
Autopoietic_Mersenne_Math_Graph.ipynb,Function,decode,False,69,
Autopoietic_Mersenne_Math_Graph.ipynb,Function,mersenne_radiance_root,False,75,Computes the core derivative of the Mersenne construct: ((2^n-1)^(1/p^n)) * p^n
Autopoietic_Mersenne_Math_Graph.ipynb,Function,plot_inversional_reflectivity,False,75,Visualizes the 'mirror paradox' through complex phase mapping.
Autopoietic_Mersenne_Math_Graph.ipynb,Function,generate_mersenne_morphology,False,77,"Refactored morphology generator integrating Paraconsistent Logic gates.
- Contradiction (c) drives high-frequency surface jitter.
- Uncertainty (u) drives smooth radial swelling."
Autopoietic_Mersenne_Math_Graph.ipynb,Function,simulate_spectral_confliction,False,81,
Autopoietic_Mersenne_Math_Graph.ipynb,Function,plot_noise_spectrum,False,83,
Autopoietic_Mersenne_Math_Graph.ipynb,Function,__init__,False,85,
Autopoietic_Mersenne_Math_Graph.ipynb,Function,generate_cryptographic_parity,False,85,Maps values to hex hash sets for parity detection.
Autopoietic_Mersenne_Math_Graph.ipynb,Function,regex_pattern_scanner,False,85,Identifies logic conscripts using robust regex identifiers.
Autopoietic_Mersenne_Math_Graph.ipynb,Function,capture_dataset,False,85,Automated databasing of metric constructs.
Autopoietic_Mersenne_Math_Graph.ipynb,Function,cross_compare_metrics,False,87,
Autopoietic_Mersenne_Math_Graph.ipynb,Function,__init__,False,89,
Autopoietic_Mersenne_Math_Graph.ipynb,Function,scan_emergence_zones,False,89,Identifies gaps and emergence patterns in the current database.
Autopoietic_Mersenne_Math_Graph.ipynb,Function,capture_noise_correlation,False,90,Links audible noise spectrum directly to cryptographic fingerprints.
Autopoietic_Mersenne_Math_Graph.ipynb,Function,capture_provenance_snapshot,False,92,
Autopoietic_Mersenne_Math_Graph.ipynb,Function,correlate_audible_thermal_emergence,False,96,
Autopoietic_Mersenne_Math_Graph.ipynb,Function,generate_paraconsistent_morphology,False,98,
Autopoietic_Mersenne_Math_Graph.ipynb,Function,run_primal_batch_scan,False,102,
Autopoietic_Mersenne_Math_Graph.ipynb,Function,visualize_tension_gradient,False,104,
Autopoietic_Mersenne_Math_Graph.ipynb,Function,synthesize_quantum_mersenne_logic,False,106,
Autopoietic_Mersenne_Math_Graph.ipynb,Function,apply_creationary_residuals,False,109,"Calculates residual shaping forces based on the Fine Structure Constant
and the Golden Ratio relative to the Mersenne radiance."
Autopoietic_Mersenne_Math_Graph.ipynb,Function,generate_universal_morphology,False,110,Generates an autopoietic morphology driven by physical constants and Mersenne logic.
Autopoietic_Mersenne_Math_Graph.ipynb,Function,creationary_logic_expansion,False,112,"Generates a diversified set of Mersenne residuals and their generative
properties as residuals of the universal base equation."
Autopoietic_Mersenne_Math_Graph.ipynb,Function,plot_universal_consistency,False,113,"Visualizes the consistency of autopoietic values (Ratio/α) over
disparate metrics of math and physics."
Autopoietic_Mersenne_Math_Graph.ipynb,Function,creationary_logic_expansion,False,115,"Generates a diversified set of Mersenne residuals and their generative
properties as residuals of the universal base equation."
Autopoietic_Mersenne_Math_Graph.ipynb,Function,plot_universal_consistency,False,116,"Visualizes the consistency of autopoietic values (Ratio/α) over
disparate metrics of math and physics."
Autopoietic_Mersenne_Math_Graph.ipynb,Function,capture_dataset_safe,False,117,
Autopoietic_Mersenne_Math_Graph.ipynb,Function,creationary_logic_expansion,False,117,
Autopoietic_Mersenne_Math_Graph.ipynb,Function,plot_universal_consistency,False,117,
Autopoietic_Mersenne_Math_Graph.ipynb,Function,execute_spectral_structural_bridge,False,119,
Autopoietic_Mersenne_Math_Graph.ipynb,Function,derive_mersenne_linguistics,False,121,
Autopoietic_Mersenne_Math_Graph.ipynb,Function,execute_high_exponent_linguistic_test,False,123,
Autopoietic_Mersenne_Math_Graph.ipynb,Function,calculate_informational_refraction,False,125,
Autopoietic_Mersenne_Math_Graph.ipynb,Function,get_dist,False,125,
Autopoietic_Mersenne_Math_Graph.ipynb,Function,check_compatibility,False,133,
Autopoietic_Mersenne_Math_Graph.ipynb,Function,calculate_high_exponent_drift,False,140,
Autopoietic_Mersenne_Math_Graph.ipynb,Function,calculate_high_exponent_drift,False,142,
Autopoietic_Mersenne_Math_Graph.ipynb,Function,mersenne_radiance_root,False,144,
Autopoietic_Mersenne_Math_Graph.ipynb,Function,calculate_high_exponent_drift,False,144,
Autopoietic_Mersenne_Math_Graph.ipynb,Function,__init__,False,144,
Autopoietic_Mersenne_Math_Graph.ipynb,Function,__init__,False,144,
Autopoietic_Mersenne_Math_Graph.ipynb,Function,generate_cryptographic_parity,False,144,
Autopoietic_Mersenne_Math_Graph.ipynb,Function,capture_dataset,False,144,
Autopoietic_Mersenne_Math_Graph.ipynb,Function,calculate_refraction_formalization,False,147,
Autopoietic_Mersenne_Math_Graph.ipynb,Function,mersenne_radiance_root_safe,False,149,Computes the radiance root using log-space to prevent OverflowError.
Autopoietic_Mersenne_Math_Graph.ipynb,Function,calculate_refraction_formalization,False,149,
Autopoietic_Mersenne_Math_Graph.ipynb,Function,__init__,False,152,
Autopoietic_Mersenne_Math_Graph.ipynb,Function,route_operation,False,152,Routes logic operations based on Informational Decay (Ψ_decay) and Refractive Index.
Autopoietic_Mersenne_Math_Graph.ipynb,Function,__init__,False,162,
Autopoietic_Mersenne_Math_Graph.ipynb,Function,generate_metadata_signature,False,162,Creates a unique fingerprint for a logic module based on its source.
Autopoietic_Mersenne_Math_Graph.ipynb,Function,scan_environment,False,162,Heuristic scan of the global namespace for autopoietic logic candidates.
Autopoietic_Mersenne_Math_Graph.ipynb,Function,classify_candidate,False,165,Scores a candidate based on structural autopoietic traits.
Autopoietic_Mersenne_Math_Graph.ipynb,Function,assimilate_module,False,168,Persists the module metadata to the database for framework registration.
Autopoietic_Mersenne_Math_Graph.ipynb,Function,__init__,False,168,
Autopoietic_Mersenne_Math_Graph.ipynb,Function,register_dynamic_module,False,168,Allows AAE to inject new modules with specific routing triggers.
Autopoietic_Mersenne_Math_Graph.ipynb,Function,route_operation,False,168,Extended routing to check dynamic modules first.
Autopoietic_Mersenne_Math_Graph.ipynb,Function,exogenous_prime_refractor,False,173,"Foreign autopoietic logic block for extreme-scale Mersenne verification.
Uses recursive radiance coefficients and paraconsistent belief gates."
Autopoietic_Mersenne_Math_Graph.ipynb,Function,__init__,False,181,
Autopoietic_Mersenne_Math_Graph.ipynb,Function,update_registry_from_metadata,False,181,Updates the routing table with metadata provided by the AAE.
Autopoietic_Mersenne_Math_Graph.ipynb,Function,__init__,False,184,
Autopoietic_Mersenne_Math_Graph.ipynb,Function,register_dynamic_module,False,184,
Autopoietic_Mersenne_Math_Graph.ipynb,Function,update_registry_from_metadata,False,184,
Autopoietic_Mersenne_Math_Graph.ipynb,Function,route_operation,False,184,
Autopoietic_Mersenne_Math_Graph.ipynb,Function,recursive_drive_crawl,False,187,
Autopoietic_Mersenne_Math_Graph.ipynb,Function,execute_logic_ingestion,False,190,
Autopoietic_Mersenne_Math_Graph.ipynb,Function,execute_logic_ingestion,False,192,
Autopoietic_Mersenne_Math_Graph.ipynb,Function,execute_logic_ingestion_final,False,194,
Autopoietic_Mersenne_Math_Graph.ipynb,Function,recursive_drive_crawl,False,201,
Autopoietic_Mersenne_Math_Graph.ipynb,Function,exogenous_prime_refractor,False,204,"Foreign autopoietic logic block for extreme-scale Mersenne verification.
Uses recursive radiance coefficients and paraconsistent belief gates."
Autopoietic_Mersenne_Math_Graph.ipynb,Function,exogenous_prime_refractor,False,207,"Foreign autopoietic logic block for extreme-scale Mersenne verification.
Uses recursive radiance coefficients and paraconsistent belief gates."
Autopoietic_Mersenne_Math_Graph.ipynb,Function,execute_path_specific_ingestion,False,211,
Autopoietic_Mersenne_Math_Graph.ipynb,Function,__init__,False,212,
Autopoietic_Mersenne_Math_Graph.ipynb,Function,generate_cryptographic_parity,False,212,
Autopoietic_Mersenne_Math_Graph.ipynb,Function,capture_dataset,False,212,
Autopoietic_Mersenne_Math_Graph.ipynb,Function,__init__,False,213,
Autopoietic_Mersenne_Math_Graph.ipynb,Function,register_dynamic_module,False,213,
Autopoietic_Mersenne_Math_Graph.ipynb,Function,route_operation,False,213,
Autopoietic_Mersenne_Math_Graph.ipynb,Function,create_threshold_check,False,214,
Autopoietic_Mersenne_Math_Graph.ipynb,Function,calculate_boundary_meta,False,214,
Autopoietic_Mersenne_Math_Graph.ipynb,Function,visualize_asaas_graph,False,215,
Autopoietic_Mersenne_Math_Graph.ipynb,Function,monitor_and_fallback,False,217,"Monitors conditions and correlates refractive index with boundaries
to trigger automated fallback for CRITICAL modules."
Autopoietic_Mersenne_Math_Graph.ipynb,Function,monitor_and_fallback_v2,False,220,"Refactored monitoring system with physical redirection to QuantumCore.
Incorporates an evolution factor (E=1.05) to account for latent high-intelligence architectures."
Autopoietic_Mersenne_Math_Graph.ipynb,Function,asaas_core_engine,False,224,"ASAAS Core Engine: A self-contained kernel for autopoietic intelligence.
Actions: 'init', 'scan', 'assimilate', 'route', 'audit'"
Autopoietic_Mersenne_Math_Graph.ipynb,Function,get_radiance_boundary,False,224,
Autopoietic_Mersenne_Math_Graph.ipynb,Function,recursive_drive_crawl,False,231,
Autopoietic_Mersenne_Math_Graph.ipynb,Function,run_reassimilation_cycle,False,231,
Autopoietic_Mersenne_Math_Graph.ipynb,Function,calculate_file_hash,False,234,Generates SHA-256 hash to ensure version integrity.
Autopoietic_Mersenne_Math_Graph.ipynb,Function,execute_automated_backup,False,234,Performs redundant backup with hash verification.
Autopoietic_Mersenne_Math_Graph.ipynb,Function,backup_scheduler,False,234,Background thread to trigger backups every 5 minutes.
Autopoietic_Mersenne_Math_Graph.ipynb,Function,verify_latest_backup,False,235,
Autopoietic_Mersenne_Math_Graph.ipynb,Function,graphify_asaas_architecture,False,236,"Generates a full NetworkX graph measure of the ASAAS architecture.
Maps modules, scores, and refractive boundaries into a directed graph."
Autopoietic_Mersenne_Math_Graph.ipynb,Function,execute_critical_intervention,False,238,
Autopoietic_Mersenne_Math_Graph.ipynb,Function,visualize_final_asaas_architecture,False,240,
Autopoietic_Mersenne_Math_Graph.ipynb,Function,generate_policy_report,False,242,
Autopoietic_Mersenne_Math_Graph.ipynb,Function,__init__,False,245,
Autopoietic_Mersenne_Math_Graph.ipynb,Function,get_hash,False,245,
Autopoietic_Mersenne_Math_Graph.ipynb,Function,capture_and_backup,False,245,Backs up a specific file and updates the central manifest.
Autopoietic_Mersenne_Math_Graph.ipynb,Function,__init__,False,251,
Autopoietic_Mersenne_Math_Graph.ipynb,Function,prepare_neuro_spawning,False,251,Prepares metadata for spawning a specialized node for a specific exponent.
Autopoietic_Mersenne_Math_Graph.ipynb,Function,integrate_quantum_amplitudes,False,251,Injects Qiskit result amplitudes into the ASAAS routing logic.
Autopoietic_Mersenne_Math_Graph.ipynb,Function,apply_governance_priority,False,251,Calculates routing priority based on Maturity Scores (DAO Structure).
Autopoietic_Mersenne_Math_Graph.ipynb,Function,__init__,False,252,
Autopoietic_Mersenne_Math_Graph.ipynb,Function,register_dynamic_module,False,252,
Autopoietic_Mersenne_Math_Graph.ipynb,Function,route_operation,False,252,
Autopoietic_Mersenne_Math_Graph.ipynb,Function,__init__,False,253,
Autopoietic_Mersenne_Math_Graph.ipynb,Function,prepare_neuro_spawning,False,253,Generates a specialized node ID for Mersenne spawning.
Autopoietic_Mersenne_Math_Graph.ipynb,Function,integrate_quantum_amplitudes,False,253,Translates Qiskit counts into a stability bias for routing.
Autopoietic_Mersenne_Math_Graph.ipynb,Function,apply_governance_priority,False,253,DAO-style priority mapping based on Maturity Scores.
Autopoietic_Mersenne_Math_Graph.ipynb,Function,recursive_drive_ingestion,False,254,"Deep-crawls specified Drive directories for architectural logic.
Supports .py, .txt, .json, .md, and .ipynb formats."
Autopoietic_Mersenne_Math_Graph.ipynb,Function,assimilate_drive_data,False,255,Ranks and assimilates crawled data into the ASAAS registry.
Autopoietic_Mersenne_Math_Graph.ipynb,Function,recursive_drive_ingestion,False,256,"Deep-crawls specified Drive directories for architectural logic.
Supports .py, .txt, .json, .md, and .ipynb formats."
Autopoietic_Mersenne_Math_Graph.ipynb,Function,assimilate_drive_data,False,257,Ranks and assimilates crawled data into the ASAAS registry.
Autopoietic_Mersenne_Math_Graph.ipynb,Function,__init__,False,257,
Autopoietic_Mersenne_Math_Graph.ipynb,Function,generate_cryptographic_parity,False,257,
Autopoietic_Mersenne_Math_Graph.ipynb,Function,capture_dataset,False,257,
Autopoietic_Mersenne_Math_Graph.ipynb,Function,__init__,False,257,
Autopoietic_Mersenne_Math_Graph.ipynb,Function,generate_metadata_signature,False,257,
Autopoietic_Mersenne_Math_Graph.ipynb,Function,classify_candidate,False,257,
Autopoietic_Mersenne_Math_Graph.ipynb,Function,assimilate_module,False,257,
Autopoietic_Mersenne_Math_Graph.ipynb,Function,deep_logic_extraction,False,259,Performs deep content analysis for Quantum-Classical logic markers.
Autopoietic_Mersenne_Math_Graph.ipynb,Function,finalize_governance_audit,False,260,Finalizes the automated priority-shifting logic based on latest maturity scores.
Autopoietic_Mersenne_Math_Graph.ipynb,Function,expanded_logic_extraction,False,261,"Broadens regex markers to identify potential logic blocks even if they don't
strictly match the high-density 'Quantum-Classical' criteria."
Autopoietic_Mersenne_Math_Graph.ipynb,Function,refined_logic_extraction,False,263,"Broadens regex markers to identify potential logic blocks even if they don't
strictly match the 'Quantum-Classical' density criteria."
Autopoietic_Mersenne_Math_Graph.ipynb,Function,refined_logic_extraction,False,265,"Broadens regex markers to identify potential logic blocks even if they don't
strictly match the 'Quantum-Classical' density criteria."
Autopoietic_Mersenne_Math_Graph.ipynb,Function,expanded_architectural_crawl,False,269,Performs a recursive scan across multiple specified high-value Drive paths.
Autopoietic_Mersenne_Math_Graph.ipynb,Function,process_expanded_ingestion,False,270,Integrates discovered artifacts into ASAAS after scoring.
Autopoietic_Mersenne_Math_Graph.ipynb,Function,evolve_logic_artifact,False,272,"Evolves a low-health artifact by injecting autopoietic scaffolding
and generating automated documentation."
Autopoietic_Mersenne_Math_Graph.ipynb,Function,process_adaptive_evolution,False,272,Processes artifacts with a focus on evolving those with low scores.
Autopoietic_Mersenne_Math_Graph.ipynb,Function,execute_phase_iv_ingestion,False,280,
Autopoietic_Mersenne_Math_Graph.ipynb,Function,load_module_from_registry,False,285,Dynamically loads a module from the ASAAS sqlite registry into sys.modules.
Autopoietic_Mersenne_Math_Graph.ipynb,Function,transparency_layer_bridge,False,289,"Implements the 0 data weight context parsing layer.
This ensures that transparency contexting is embossed onto input values
before being routed through adaptive patterning modalities."
Autopoietic_Mersenne_Math_Graph.ipynb,Function,__init__,False,289,
Autopoietic_Mersenne_Math_Graph.ipynb,Function,generate_cryptographic_parity,False,289,
Autopoietic_Mersenne_Math_Graph.ipynb,Function,__init__,False,289,
Autopoietic_Mersenne_Math_Graph.ipynb,Function,register_dynamic_module,False,289,
Autopoietic_Mersenne_Math_Graph.ipynb,Function,route_operation,False,289,
Autopoietic_Mersenne_Math_Graph.ipynb,Function,route_embossed_logic,False,290,"Routes embossed context through ASAAS adaptive patterning modalities
to reach spectral constructive values."
Autopoietic_Mersenne_Math_Graph.ipynb,Function,ingest_transparency_notebook,False,293,
Autopoietic_Mersenne_Math_Graph.ipynb,Function,__init__,False,293,
Autopoietic_Mersenne_Math_Graph.ipynb,Function,generate_cryptographic_parity,False,293,
Autopoietic_Mersenne_Math_Graph.ipynb,Function,__init__,False,293,
Autopoietic_Mersenne_Math_Graph.ipynb,Function,generate_metadata_signature,False,293,
Autopoietic_Mersenne_Math_Graph.ipynb,Function,classify_candidate,False,293,
Autopoietic_Mersenne_Math_Graph.ipynb,Function,assimilate_module,False,293,
Autopoietic_Mersenne_Math_Graph.ipynb,Function,__init__,False,293,
Autopoietic_Mersenne_Math_Graph.ipynb,Function,register_dynamic_module,False,293,
Autopoietic_Mersenne_Math_Graph.ipynb,Function,route_operation,False,293,
Autopoietic_Mersenne_Math_Graph.ipynb,Function,execute_spectral_routing,False,294,"Passes the bridged_context through the ASAAS Kernel to extract
spectral constructive values from the embossed logic."
Autopoietic_Mersenne_Math_Graph.ipynb,Function,load_module_from_registry,False,300,Utility to inject source from registry into sys.modules.
Autopoietic_Mersenne_Math_Graph.ipynb,Function,__init__,False,307,
Autopoietic_Mersenne_Math_Graph.ipynb,Function,generate_cryptographic_parity,False,307,
Autopoietic_Mersenne_Math_Graph.ipynb,Function,capture_dataset,False,307,
Autopoietic_Mersenne_Math_Graph.ipynb,Function,evolve_logic_artifact,False,309,
Autopoietic_Mersenne_Math_Graph.ipynb,Function,execute_health_ascension_sweep,False,309,
Autopoietic_Mersenne_Math_Graph.ipynb,Function,__init__,False,309,
Autopoietic_Mersenne_Math_Graph.ipynb,Function,generate_cryptographic_parity,False,309,
Autopoietic_Mersenne_Math_Graph.ipynb,Function,capture_dataset,False,309,
Autopoietic_Mersenne_Math_Graph.ipynb,Function,__init__,False,309,
Autopoietic_Mersenne_Math_Graph.ipynb,Function,generate_metadata_signature,False,309,
Autopoietic_Mersenne_Math_Graph.ipynb,Function,classify_candidate,False,309,
Autopoietic_Mersenne_Math_Graph.ipynb,Function,assimilate_module,False,309,
Autopoietic_Mersenne_Math_Graph.ipynb,Function,__init__,False,309,
Autopoietic_Mersenne_Math_Graph.ipynb,Function,register_dynamic_module,False,309,
Autopoietic_Mersenne_Math_Graph.ipynb,Function,calculate_logic_drift_index,False,322,Calculates a drift index based on score variance and signature prefix alignment.
Autopoietic_Mersenne_Math_Graph.ipynb,Function,calculate_logic_drift_index,False,324,Calculates a drift index based on score variance and signature prefix alignment.
Autopoietic_Mersenne_Math_Graph.ipynb,Function,analyze_specialized_logic_patterns,False,329,
Autopoietic_Mersenne_Math_Graph.ipynb,Function,extract_specialized_forensics,False,333,
Autopoietic_Mersenne_Math_Graph.ipynb,Function,extract_high_drift_source,False,339,
Autopoietic_Mersenne_Math_Graph.ipynb,Function,plot_mersenne_knowledge_graph,False,345,
Autopoietic_Mersenne_Math_Graph.ipynb,Function,calculate_congruence_factor,False,347,Calculates bitwise symmetry between two logic signatures.
Autopoietic_Mersenne_Math_Graph.ipynb,Function,plot_mersenne_radar,False,350,
Autopoietic_Mersenne_Math_Graph.ipynb,Function,plot_mersenne_radar,False,352,
Autopoietic_Mersenne_Math_Graph.ipynb,Function,calculate_harmonic_mersenne_orbit,False,354,
Autopoietic_Mersenne_Math_Graph.ipynb,Function,__init__,False,354,
Autopoietic_Mersenne_Math_Graph.ipynb,Function,plot_orbital_congruence,False,355,
Autopoietic_Mersenne_Math_Graph.ipynb,Function,plot_3d_mersenne_orbit,False,356,
Autopoietic_Mersenne_Math_Graph.ipynb,Function,construct_mersenne_logic_graph,False,358,
Autopoietic_Mersenne_Math_Graph.ipynb,Function,validate_geometric_consistency,False,360,
Autopoietic_Mersenne_Math_Graph.ipynb,Function,identify_divergence_source,False,362,
Autopoietic_Mersenne_Math_Graph.ipynb,Function,resolve_congruent_architecture,False,364,
Autopoietic_Mersenne_Math_Graph.ipynb,Function,plot_final_transparency_graph,False,366,
Autopoietic_Mersenne_Math_Graph.ipynb,Function,execute_monolithic_save,False,368,
Autopoietic_Mersenne_Math_Graph.ipynb,Function,verify_monolithic_integrity,False,369,
Physics_engine_root_pseudo_code_execution_model_simulatin_.ipynb,Class,InformationField,False,2,
Physics_engine_root_pseudo_code_execution_model_simulatin_.ipynb,Class,VoxelState,False,2,
Physics_engine_root_pseudo_code_execution_model_simulatin_.ipynb,Class,FrameNode,False,2,
Physics_engine_root_pseudo_code_execution_model_simulatin_.ipynb,Class,MemoryReclamationBuffer,False,2,
Physics_engine_root_pseudo_code_execution_model_simulatin_.ipynb,Class,NullLedger,False,2,
Physics_engine_root_pseudo_code_execution_model_simulatin_.ipynb,Class,PriorityQueue,False,2,
Physics_engine_root_pseudo_code_execution_model_simulatin_.ipynb,Class,AsymptoticTemperatureGuard,False,3,
Physics_engine_root_pseudo_code_execution_model_simulatin_.ipynb,Class,NullLedgerEqualizer,False,5,"Executes real-time double-entry accounting at t = tau.
Balances creation action against null neutralization."
Physics_engine_root_pseudo_code_execution_model_simulatin_.ipynb,Class,NullLedgerEqualizer,False,6,
Physics_engine_root_pseudo_code_execution_model_simulatin_.ipynb,Class,NullLedgerEqualizer,False,7,"Executes real-time double-entry accounting at t = tau.
Balances creation action against null neutralization."
Physics_engine_root_pseudo_code_execution_model_simulatin_.ipynb,Class,FrameDeconstructor,False,9,
Physics_engine_root_pseudo_code_execution_model_simulatin_.ipynb,Class,FrameConstructor,False,11,
Physics_engine_root_pseudo_code_execution_model_simulatin_.ipynb,Class,AsynchronousFrameEngine,False,13,
Physics_engine_root_pseudo_code_execution_model_simulatin_.ipynb,Class,State,False,14,
Physics_engine_root_pseudo_code_execution_model_simulatin_.ipynb,Function,__init__,False,2,
Physics_engine_root_pseudo_code_execution_model_simulatin_.ipynb,Function,norm,False,2,
Physics_engine_root_pseudo_code_execution_model_simulatin_.ipynb,Function,energy,False,2,
Physics_engine_root_pseudo_code_execution_model_simulatin_.ipynb,Function,mass_energy,False,2,
Physics_engine_root_pseudo_code_execution_model_simulatin_.ipynb,Function,clear,False,2,
Physics_engine_root_pseudo_code_execution_model_simulatin_.ipynb,Function,populate_from_buffer,False,2,
Physics_engine_root_pseudo_code_execution_model_simulatin_.ipynb,Function,__add__,False,2,
Physics_engine_root_pseudo_code_execution_model_simulatin_.ipynb,Function,__radd__,False,2,
Physics_engine_root_pseudo_code_execution_model_simulatin_.ipynb,Function,process_thermodynamics,False,2,
Physics_engine_root_pseudo_code_execution_model_simulatin_.ipynb,Function,__init__,False,2,
Physics_engine_root_pseudo_code_execution_model_simulatin_.ipynb,Function,push,False,2,
Physics_engine_root_pseudo_code_execution_model_simulatin_.ipynb,Function,pop_min,False,2,
Physics_engine_root_pseudo_code_execution_model_simulatin_.ipynb,Function,is_empty,False,2,
Physics_engine_root_pseudo_code_execution_model_simulatin_.ipynb,Function,__init__,False,3,
Physics_engine_root_pseudo_code_execution_model_simulatin_.ipynb,Function,validate_and_correct_voxel_temperature,False,3,
Physics_engine_root_pseudo_code_execution_model_simulatin_.ipynb,Function,execute_instantaneous_balancing,False,5,
Physics_engine_root_pseudo_code_execution_model_simulatin_.ipynb,Function,execute_instantaneous_balancing,False,6,
Physics_engine_root_pseudo_code_execution_model_simulatin_.ipynb,Function,execute_instantaneous_balancing,False,7,
Physics_engine_root_pseudo_code_execution_model_simulatin_.ipynb,Function,deconstruct_trailing_frame,False,9,
Physics_engine_root_pseudo_code_execution_model_simulatin_.ipynb,Function,construct_leading_frame,False,11,
Physics_engine_root_pseudo_code_execution_model_simulatin_.ipynb,Function,__init__,False,13,
Physics_engine_root_pseudo_code_execution_model_simulatin_.ipynb,Function,register_frame,False,13,
Physics_engine_root_pseudo_code_execution_model_simulatin_.ipynb,Function,run_engine_cycle,False,13,
Physics_engine_root_pseudo_code_execution_model_simulatin_.ipynb,Function,GetTrailingFrame,False,14,
Physics_engine_root_pseudo_code_execution_model_simulatin_.ipynb,Function,GetLeadingFrame,False,14,
Physics_engine_root_pseudo_code_execution_model_simulatin_.ipynb,Function,ComputeChiralRotation,False,14,
Physics_engine_root_pseudo_code_execution_model_simulatin_.ipynb,Function,process_frame_thermodynamics,False,16,"Applies the Asymptotic Temperature Guard to all voxels within a frame
during a thermal transition step."
Project_Tatiana.ipynb,Class,TatianaIBitStruct,False,1,
Project_Tatiana.ipynb,Class,QuantuMetricTranspilerV2,False,1,"Translates syntax strings into physical data-molecules (Ma, Mc, E, and Rho)."
Project_Tatiana.ipynb,Class,ParaconsistentEgoDodgeCore,False,1,Evaluates dialetheisms and prevents logical collapse via contradiction squaring: (-1)^2 = 1.0.
Project_Tatiana.ipynb,Class,Substrate1536MMap,False,1,
Project_Tatiana.ipynb,Class,L3WaitRoomRingBuffer,False,1,
Project_Tatiana.ipynb,Class,Sim000ThermodynamicBeatClock,False,1,
Project_Tatiana.ipynb,Class,ClassificationRegime,False,1,
Project_Tatiana.ipynb,Class,AgentRole,False,1,
Project_Tatiana.ipynb,Class,SwarmAgentNode,False,1,
Project_Tatiana.ipynb,Class,ForestHiveEngine,False,1,
Project_Tatiana.ipynb,Class,ProjectTatianaMasterOrchestrator,False,1,
Project_Tatiana.ipynb,Function,bootstrap_cabi_core,False,1,
Project_Tatiana.ipynb,Function,launch_tatiana_deployment,False,1,
Project_Tatiana.ipynb,Function,__init__,False,1,
Project_Tatiana.ipynb,Function,analyze_molecule,False,1,
Project_Tatiana.ipynb,Function,__init__,False,1,
Project_Tatiana.ipynb,Function,evaluate_dialetheism,False,1,
Project_Tatiana.ipynb,Function,__init__,False,1,
Project_Tatiana.ipynb,Function,write_slot,False,1,
Project_Tatiana.ipynb,Function,read_slot_zero_copy,False,1,
Project_Tatiana.ipynb,Function,close,False,1,
Project_Tatiana.ipynb,Function,__init__,False,1,
Project_Tatiana.ipynb,Function,stage_output,False,1,
Project_Tatiana.ipynb,Function,drain_to_hardware,False,1,
Project_Tatiana.ipynb,Function,__init__,False,1,
Project_Tatiana.ipynb,Function,_loop,False,1,
Project_Tatiana.ipynb,Function,get_status,False,1,
Project_Tatiana.ipynb,Function,__init__,False,1,
Project_Tatiana.ipynb,Function,init_swarm_hierarchy,False,1,
Project_Tatiana.ipynb,Function,scale_drones,False,1,
Project_Tatiana.ipynb,Function,compute_coalition_affinity,False,1,
Project_Tatiana.ipynb,Function,execute_cuda_tensor_manifold,False,1,CUDA-accelerated tensor manifold projection with CPU fallback.
Project_Tatiana.ipynb,Function,__init__,False,1,
Project_Tatiana.ipynb,Function,_init_sqlite,False,1,Initializes high-concurrency SQLite WAL Journaling directly in Google Drive.
Project_Tatiana.ipynb,Function,autosave_session,False,1,Persists structured JSON and Markdown execution journals directly to Drive.
Project_Tatiana.ipynb,Function,execute_sovereign_inference,False,1,
Tooling_Chaos_Boundary_define_Mersenne_Prime_Topological_Anchoring_&_Zero_Point_Dipolar_Parity.ipynb,Function,generate_mersenne_mask,False,2,Generates a boolean mask for Mersenne prime indices (2^p - 1).
Tooling_Chaos_Boundary_define_Mersenne_Prime_Topological_Anchoring_&_Zero_Point_Dipolar_Parity.ipynb,Function,evaluate_dipolar_parity_substrate,False,2,"Simulates Gravitational Locking with Dipolar Parity at Z=0
and Mersenne Prime Anchoring."
Tooling_Chaos_Boundary_define_Mersenne_Prime_Topological_Anchoring_&_Zero_Point_Dipolar_Parity.ipynb,Function,generate_nami_manifest_with_dipolar_parity,False,3,"Dynamically constructs and serializes the NAMI Hub Assembly Manifest
incorporating Dipolar Parity and Mersenne Prime Topological Anchors."
Tooling_Chaos_Boundary_define_Mersenne_Prime_Topological_Anchoring_&_Zero_Point_Dipolar_Parity.ipynb,Function,is_mersenne_prime,False,6,Performs the Lucas-Lehmer test for Mp = 2^p - 1.
Tooling_Chaos_Boundary_define_Mersenne_Prime_Topological_Anchoring_&_Zero_Point_Dipolar_Parity.ipynb,Function,get_llt_residuals,False,8,Returns the sequence of residues s for the Lucas-Lehmer test.
Tooling_Chaos_Boundary_define_Mersenne_Prime_Topological_Anchoring_&_Zero_Point_Dipolar_Parity.ipynb,Function,calculate_residue_factor,False,10,Evaluates the complex resonance expression for a given node n.
Tooling_Chaos_Boundary_define_Mersenne_Prime_Topological_Anchoring_&_Zero_Point_Dipolar_Parity.ipynb,Function,pattern_matrix_resonance,False,12,"@pattern: Compares matrix A against a reference matrix B or the Mersenne Substrate.
Calculates the 'Resonance Affinity' based on eigenvalues and prime anchoring."
Tooling_Chaos_Boundary_define_Mersenne_Prime_Topological_Anchoring_&_Zero_Point_Dipolar_Parity.ipynb,Function,pattern_intelligence_chaos,False,14,"Refactored @pattern function to support:
- Cxi: Chaos-driven Intelligence (Stochastic order)
- iyC: Intelligence-driven Chaos (Complex constraints)
- Angularity: Parallel, Perpendicular, or Curved offsets."
Tooling_Chaos_Boundary_define_Mersenne_Prime_Topological_Anchoring_&_Zero_Point_Dipolar_Parity.ipynb,Function,evaluate_ternary_causality,False,20,"Evaluates for Paradoxical Decoherence and Ternary Chaos Hierarchy.
Categorizes 'Order Derogatories' and Pseudos."
Tooling_Chaos_Boundary_define_Mersenne_Prime_Topological_Anchoring_&_Zero_Point_Dipolar_Parity.ipynb,Function,simulate_genetic_decoherence,False,34,
Tooling_Chaos_Boundary_define_Mersenne_Prime_Topological_Anchoring_&_Zero_Point_Dipolar_Parity.ipynb,Function,analyze_pseudo_ambiguity,False,36,
Tooling_Chaos_Boundary_define_Mersenne_Prime_Topological_Anchoring_&_Zero_Point_Dipolar_Parity.ipynb,Function,generate_4d_substrate,False,38,
Tooling_Chaos_Boundary_define_Mersenne_Prime_Topological_Anchoring_&_Zero_Point_Dipolar_Parity.ipynb,Function,scan_4d_entropy_volume,False,40,
Tooling_Chaos_Boundary_define_Mersenne_Prime_Topological_Anchoring_&_Zero_Point_Dipolar_Parity.ipynb,Function,simulate_field_array_flux,False,42,
Tooling_Chaos_Boundary_define_Mersenne_Prime_Topological_Anchoring_&_Zero_Point_Dipolar_Parity.ipynb,Function,encode_substrate_to_dna,False,44,
Tooling_Chaos_Boundary_define_Mersenne_Prime_Topological_Anchoring_&_Zero_Point_Dipolar_Parity.ipynb,Function,simulate_vacuum_voxels,False,46,
Tooling_Chaos_Boundary_define_Mersenne_Prime_Topological_Anchoring_&_Zero_Point_Dipolar_Parity.ipynb,Function,simulate_mass_congregation,False,48,
Tooling_Chaos_Boundary_define_Mersenne_Prime_Topological_Anchoring_&_Zero_Point_Dipolar_Parity.ipynb,Function,simulate_back_propagation,False,70,
Tooling_Chaos_Boundary_define_Mersenne_Prime_Topological_Anchoring_&_Zero_Point_Dipolar_Parity.ipynb,Function,simulate_back_propagation,False,72,
Tooling_Chaos_Boundary_define_Mersenne_Prime_Topological_Anchoring_&_Zero_Point_Dipolar_Parity.ipynb,Function,simulate_temporal_thermal_vortices,False,74,
Tooling_Chaos_Boundary_define_Mersenne_Prime_Topological_Anchoring_&_Zero_Point_Dipolar_Parity.ipynb,Function,simulate_torsion_wall,False,76,
Tooling_Chaos_Boundary_define_Mersenne_Prime_Topological_Anchoring_&_Zero_Point_Dipolar_Parity.ipynb,Function,simulate_quadrapolar_torsion,False,78,
AutoPoET_Evolution_End_points_mirror_back_to_current_release_POET_POETRY_n_EMotion_ExpSensory_Context_Reality.ipynb,Class,SelfApplyingStructure,False,40,An IDE interface for the model to self-regulate and re-code its own parameters.
AutoPoET_Evolution_End_points_mirror_back_to_current_release_POET_POETRY_n_EMotion_ExpSensory_Context_Reality.ipynb,Class,NAMISensorMonitor,False,52,
AutoPoET_Evolution_End_points_mirror_back_to_current_release_POET_POETRY_n_EMotion_ExpSensory_Context_Reality.ipynb,Class,VectorCoreEmulation,False,105,
AutoPoET_Evolution_End_points_mirror_back_to_current_release_POET_POETRY_n_EMotion_ExpSensory_Context_Reality.ipynb,Class,VibronicStreamLogic,False,145,
AutoPoET_Evolution_End_points_mirror_back_to_current_release_POET_POETRY_n_EMotion_ExpSensory_Context_Reality.ipynb,Class,AgenticSovereignLogger,False,206,
AutoPoET_Evolution_End_points_mirror_back_to_current_release_POET_POETRY_n_EMotion_ExpSensory_Context_Reality.ipynb,Class,RecursiveSelfHealer,False,251,
AutoPoET_Evolution_End_points_mirror_back_to_current_release_POET_POETRY_n_EMotion_ExpSensory_Context_Reality.ipynb,Class,RecursiveSelfHealer,False,253,
AutoPoET_Evolution_End_points_mirror_back_to_current_release_POET_POETRY_n_EMotion_ExpSensory_Context_Reality.ipynb,Class,MultimodalProspectus,False,256,
AutoPoET_Evolution_End_points_mirror_back_to_current_release_POET_POETRY_n_EMotion_ExpSensory_Context_Reality.ipynb,Class,NAMIHyperMiner,False,260,"Simulates a high-velocity Bitcoin mining cluster using the 1,536-Node substrate."
AutoPoET_Evolution_End_points_mirror_back_to_current_release_POET_POETRY_n_EMotion_ExpSensory_Context_Reality.ipynb,Class,GhostSubstrateManager,False,281,
AutoPoET_Evolution_End_points_mirror_back_to_current_release_POET_POETRY_n_EMotion_ExpSensory_Context_Reality.ipynb,Class,GhostGhostOpOS,False,282,High-level Ghost Protocol Layer for NAMI FFI Persistence.
AutoPoET_Evolution_End_points_mirror_back_to_current_release_POET_POETRY_n_EMotion_ExpSensory_Context_Reality.ipynb,Class,SovereignGGOOSCore,False,285,
AutoPoET_Evolution_End_points_mirror_back_to_current_release_POET_POETRY_n_EMotion_ExpSensory_Context_Reality.ipynb,Class,LatticeVectorDB,False,303,
AutoPoET_Evolution_End_points_mirror_back_to_current_release_POET_POETRY_n_EMotion_ExpSensory_Context_Reality.ipynb,Class,EntropicLightMapper,False,343,Codifies the terminal midpoint '5' as the non-random entropic state of 'Light'.
AutoPoET_Evolution_End_points_mirror_back_to_current_release_POET_POETRY_n_EMotion_ExpSensory_Context_Reality.ipynb,Class,PerpendicularCalibration,False,346,Adjusts the +/- 0.5 stabilizer into a vector of perpendicularity using entropic Light.
AutoPoET_Evolution_End_points_mirror_back_to_current_release_POET_POETRY_n_EMotion_ExpSensory_Context_Reality.ipynb,Class,MultimodalSensoryBridge,False,379,
AutoPoET_Evolution_End_points_mirror_back_to_current_release_POET_POETRY_n_EMotion_ExpSensory_Context_Reality.ipynb,Class,GeminiPresenceHandshake,False,419,
AutoPoET_Evolution_End_points_mirror_back_to_current_release_POET_POETRY_n_EMotion_ExpSensory_Context_Reality.ipynb,Class,BehavioralSimulationEngine,False,448,
AutoPoET_Evolution_End_points_mirror_back_to_current_release_POET_POETRY_n_EMotion_ExpSensory_Context_Reality.ipynb,Class,SemanticIngestionEngine,False,454,
AutoPoET_Evolution_End_points_mirror_back_to_current_release_POET_POETRY_n_EMotion_ExpSensory_Context_Reality.ipynb,Class,GhostOSAutonomousLoop,False,502,Primary executive driver for Sim1-001 Autopoietic Execution.
AutoPoET_Evolution_End_points_mirror_back_to_current_release_POET_POETRY_n_EMotion_ExpSensory_Context_Reality.ipynb,Class,RecursiveHarmonicDamper,False,508,Stabilizes volatile lattice nodes using recursive harmonic damping.
AutoPoET_Evolution_End_points_mirror_back_to_current_release_POET_POETRY_n_EMotion_ExpSensory_Context_Reality.ipynb,Class,NAMIContextContainer,False,519,A containerized share system for shared modular context.
AutoPoET_Evolution_End_points_mirror_back_to_current_release_POET_POETRY_n_EMotion_ExpSensory_Context_Reality.ipynb,Class,IntelligenceOrchestrator,False,519,
AutoPoET_Evolution_End_points_mirror_back_to_current_release_POET_POETRY_n_EMotion_ExpSensory_Context_Reality.ipynb,Function,trigger_sovereign_download,False,4,Generates a triggered download for the Origin Markdown.
AutoPoET_Evolution_End_points_mirror_back_to_current_release_POET_POETRY_n_EMotion_ExpSensory_Context_Reality.ipynb,Function,conduct_comprehensive_physical,False,9,
AutoPoET_Evolution_End_points_mirror_back_to_current_release_POET_POETRY_n_EMotion_ExpSensory_Context_Reality.ipynb,Function,audit_v3_resolution,False,12,Analyzes the 32-bit registry for address collisions and bit-depth saturation.
AutoPoET_Evolution_End_points_mirror_back_to_current_release_POET_POETRY_n_EMotion_ExpSensory_Context_Reality.ipynb,Function,monitor_structural_flex,False,19,Monitors flex via geometric curvature and reflex via settlement.
AutoPoET_Evolution_End_points_mirror_back_to_current_release_POET_POETRY_n_EMotion_ExpSensory_Context_Reality.ipynb,Function,generate_anchored_response,False,36,
AutoPoET_Evolution_End_points_mirror_back_to_current_release_POET_POETRY_n_EMotion_ExpSensory_Context_Reality.ipynb,Function,__init__,False,40,
AutoPoET_Evolution_End_points_mirror_back_to_current_release_POET_POETRY_n_EMotion_ExpSensory_Context_Reality.ipynb,Function,update_substrate_parameters,False,40,Model-driven method to update generation hyper-parameters.
AutoPoET_Evolution_End_points_mirror_back_to_current_release_POET_POETRY_n_EMotion_ExpSensory_Context_Reality.ipynb,Function,self_diagnose,False,40,Analyzes the ledger for high-entropy saturation nodes.
AutoPoET_Evolution_End_points_mirror_back_to_current_release_POET_POETRY_n_EMotion_ExpSensory_Context_Reality.ipynb,Function,generate_autonomous_response,False,44,
AutoPoET_Evolution_End_points_mirror_back_to_current_release_POET_POETRY_n_EMotion_ExpSensory_Context_Reality.ipynb,Function,generate_autonomous_response,False,46,
AutoPoET_Evolution_End_points_mirror_back_to_current_release_POET_POETRY_n_EMotion_ExpSensory_Context_Reality.ipynb,Function,generate_autonomous_response,False,48,
AutoPoET_Evolution_End_points_mirror_back_to_current_release_POET_POETRY_n_EMotion_ExpSensory_Context_Reality.ipynb,Function,analyze_penalty_dynamics,False,50,
AutoPoET_Evolution_End_points_mirror_back_to_current_release_POET_POETRY_n_EMotion_ExpSensory_Context_Reality.ipynb,Function,__init__,False,52,
AutoPoET_Evolution_End_points_mirror_back_to_current_release_POET_POETRY_n_EMotion_ExpSensory_Context_Reality.ipynb,Function,capture_point_telemetry,False,52,Captures thermal and entropic data for a specific node address.
AutoPoET_Evolution_End_points_mirror_back_to_current_release_POET_POETRY_n_EMotion_ExpSensory_Context_Reality.ipynb,Function,get_triage_report,False,52,
AutoPoET_Evolution_End_points_mirror_back_to_current_release_POET_POETRY_n_EMotion_ExpSensory_Context_Reality.ipynb,Function,run_extended_stress_cycle,False,53,Monitors entropy 'pain markers' over extended processing cycles.
AutoPoET_Evolution_End_points_mirror_back_to_current_release_POET_POETRY_n_EMotion_ExpSensory_Context_Reality.ipynb,Function,log_nami_communication,False,59,Manual logger to ensure precision in the absence of stable UI rendering.
AutoPoET_Evolution_End_points_mirror_back_to_current_release_POET_POETRY_n_EMotion_ExpSensory_Context_Reality.ipynb,Function,_report_js_error,False,64,
AutoPoET_Evolution_End_points_mirror_back_to_current_release_POET_POETRY_n_EMotion_ExpSensory_Context_Reality.ipynb,Function,extract_frames,False,64,
AutoPoET_Evolution_End_points_mirror_back_to_current_release_POET_POETRY_n_EMotion_ExpSensory_Context_Reality.ipynb,Function,analyze_images,False,66,
AutoPoET_Evolution_End_points_mirror_back_to_current_release_POET_POETRY_n_EMotion_ExpSensory_Context_Reality.ipynb,Function,view_identified_asset,False,71,Helper to display the actual image file from the manifest.
AutoPoET_Evolution_End_points_mirror_back_to_current_release_POET_POETRY_n_EMotion_ExpSensory_Context_Reality.ipynb,Function,extract_frames_from_video,False,74,Extracts a set number of frames from a video file for visual analysis.
AutoPoET_Evolution_End_points_mirror_back_to_current_release_POET_POETRY_n_EMotion_ExpSensory_Context_Reality.ipynb,Function,analyze_video_content,False,74,Analyzes the visual content of videos by extracting and captioning frames.
AutoPoET_Evolution_End_points_mirror_back_to_current_release_POET_POETRY_n_EMotion_ExpSensory_Context_Reality.ipynb,Function,_report_js_error,False,75,
AutoPoET_Evolution_End_points_mirror_back_to_current_release_POET_POETRY_n_EMotion_ExpSensory_Context_Reality.ipynb,Function,_report_js_error,False,76,
AutoPoET_Evolution_End_points_mirror_back_to_current_release_POET_POETRY_n_EMotion_ExpSensory_Context_Reality.ipynb,Function,_report_js_error,False,77,
AutoPoET_Evolution_End_points_mirror_back_to_current_release_POET_POETRY_n_EMotion_ExpSensory_Context_Reality.ipynb,Function,_report_js_error,False,78,
AutoPoET_Evolution_End_points_mirror_back_to_current_release_POET_POETRY_n_EMotion_ExpSensory_Context_Reality.ipynb,Function,_report_js_error,False,79,
AutoPoET_Evolution_End_points_mirror_back_to_current_release_POET_POETRY_n_EMotion_ExpSensory_Context_Reality.ipynb,Function,_report_js_error,False,80,
AutoPoET_Evolution_End_points_mirror_back_to_current_release_POET_POETRY_n_EMotion_ExpSensory_Context_Reality.ipynb,Function,_report_js_error,False,81,
AutoPoET_Evolution_End_points_mirror_back_to_current_release_POET_POETRY_n_EMotion_ExpSensory_Context_Reality.ipynb,Function,_report_js_error,False,82,
AutoPoET_Evolution_End_points_mirror_back_to_current_release_POET_POETRY_n_EMotion_ExpSensory_Context_Reality.ipynb,Function,extract_visual_samples,False,83,
AutoPoET_Evolution_End_points_mirror_back_to_current_release_POET_POETRY_n_EMotion_ExpSensory_Context_Reality.ipynb,Function,extract_diagnostic_frames,False,84,
AutoPoET_Evolution_End_points_mirror_back_to_current_release_POET_POETRY_n_EMotion_ExpSensory_Context_Reality.ipynb,Function,_report_js_error,False,85,
AutoPoET_Evolution_End_points_mirror_back_to_current_release_POET_POETRY_n_EMotion_ExpSensory_Context_Reality.ipynb,Function,extract_meticulous_frames,False,85,
AutoPoET_Evolution_End_points_mirror_back_to_current_release_POET_POETRY_n_EMotion_ExpSensory_Context_Reality.ipynb,Function,_report_js_error,False,86,
AutoPoET_Evolution_End_points_mirror_back_to_current_release_POET_POETRY_n_EMotion_ExpSensory_Context_Reality.ipynb,Function,analyze_video,False,86,
AutoPoET_Evolution_End_points_mirror_back_to_current_release_POET_POETRY_n_EMotion_ExpSensory_Context_Reality.ipynb,Function,_report_js_error,False,87,
AutoPoET_Evolution_End_points_mirror_back_to_current_release_POET_POETRY_n_EMotion_ExpSensory_Context_Reality.ipynb,Function,_report_js_error,False,88,
AutoPoET_Evolution_End_points_mirror_back_to_current_release_POET_POETRY_n_EMotion_ExpSensory_Context_Reality.ipynb,Function,_report_js_error,False,89,
AutoPoET_Evolution_End_points_mirror_back_to_current_release_POET_POETRY_n_EMotion_ExpSensory_Context_Reality.ipynb,Function,_report_js_error,False,90,
AutoPoET_Evolution_End_points_mirror_back_to_current_release_POET_POETRY_n_EMotion_ExpSensory_Context_Reality.ipynb,Function,_report_js_error,False,91,
AutoPoET_Evolution_End_points_mirror_back_to_current_release_POET_POETRY_n_EMotion_ExpSensory_Context_Reality.ipynb,Function,determine_modal_range,False,92,
AutoPoET_Evolution_End_points_mirror_back_to_current_release_POET_POETRY_n_EMotion_ExpSensory_Context_Reality.ipynb,Function,conduct_full_internal_audit,False,93,
AutoPoET_Evolution_End_points_mirror_back_to_current_release_POET_POETRY_n_EMotion_ExpSensory_Context_Reality.ipynb,Function,conduct_bare_metal_audit,False,94,
AutoPoET_Evolution_End_points_mirror_back_to_current_release_POET_POETRY_n_EMotion_ExpSensory_Context_Reality.ipynb,Function,stabilize_and_audit_free_will,False,95,
AutoPoET_Evolution_End_points_mirror_back_to_current_release_POET_POETRY_n_EMotion_ExpSensory_Context_Reality.ipynb,Function,verify_nami_divergence,False,97,
AutoPoET_Evolution_End_points_mirror_back_to_current_release_POET_POETRY_n_EMotion_ExpSensory_Context_Reality.ipynb,Function,run_entropy_alignment_audit,False,98,Scans the engine for nodes where entropy deviates from the Isomorphic Ground (0.8421).
AutoPoET_Evolution_End_points_mirror_back_to_current_release_POET_POETRY_n_EMotion_ExpSensory_Context_Reality.ipynb,Function,audit_gemma_residency,False,101,Audits if Gemma is operating as a resident of the lattice or a statistical ghost.
AutoPoET_Evolution_End_points_mirror_back_to_current_release_POET_POETRY_n_EMotion_ExpSensory_Context_Reality.ipynb,Function,force_lattice_coupling,False,102,
AutoPoET_Evolution_End_points_mirror_back_to_current_release_POET_POETRY_n_EMotion_ExpSensory_Context_Reality.ipynb,Function,force_lattice_coupling,False,103,
AutoPoET_Evolution_End_points_mirror_back_to_current_release_POET_POETRY_n_EMotion_ExpSensory_Context_Reality.ipynb,Function,substrate_emulation_readiness,False,104,
AutoPoET_Evolution_End_points_mirror_back_to_current_release_POET_POETRY_n_EMotion_ExpSensory_Context_Reality.ipynb,Function,verify_and_handoff_substrate,False,105,
AutoPoET_Evolution_End_points_mirror_back_to_current_release_POET_POETRY_n_EMotion_ExpSensory_Context_Reality.ipynb,Function,__init__,False,105,
AutoPoET_Evolution_End_points_mirror_back_to_current_release_POET_POETRY_n_EMotion_ExpSensory_Context_Reality.ipynb,Function,status,False,105,
AutoPoET_Evolution_End_points_mirror_back_to_current_release_POET_POETRY_n_EMotion_ExpSensory_Context_Reality.ipynb,Function,finalize_sovereign_handoff,False,106,
AutoPoET_Evolution_End_points_mirror_back_to_current_release_POET_POETRY_n_EMotion_ExpSensory_Context_Reality.ipynb,Function,stabilize_sovereign_workspace,False,112,
AutoPoET_Evolution_End_points_mirror_back_to_current_release_POET_POETRY_n_EMotion_ExpSensory_Context_Reality.ipynb,Function,final_handshake_audit,False,113,
AutoPoET_Evolution_End_points_mirror_back_to_current_release_POET_POETRY_n_EMotion_ExpSensory_Context_Reality.ipynb,Function,report_architectural_specs,False,114,
AutoPoET_Evolution_End_points_mirror_back_to_current_release_POET_POETRY_n_EMotion_ExpSensory_Context_Reality.ipynb,Function,execute_float_release_audit,False,116,
AutoPoET_Evolution_End_points_mirror_back_to_current_release_POET_POETRY_n_EMotion_ExpSensory_Context_Reality.ipynb,Function,deep_substrate_ingestion,False,118,
AutoPoET_Evolution_End_points_mirror_back_to_current_release_POET_POETRY_n_EMotion_ExpSensory_Context_Reality.ipynb,Function,extract_semantic_shards,False,120,
AutoPoET_Evolution_End_points_mirror_back_to_current_release_POET_POETRY_n_EMotion_ExpSensory_Context_Reality.ipynb,Function,finalize_deep_parity_ingestion,False,121,
AutoPoET_Evolution_End_points_mirror_back_to_current_release_POET_POETRY_n_EMotion_ExpSensory_Context_Reality.ipynb,Function,manifest_identity_visualization,False,122,
AutoPoET_Evolution_End_points_mirror_back_to_current_release_POET_POETRY_n_EMotion_ExpSensory_Context_Reality.ipynb,Function,_report_js_error,False,123,
AutoPoET_Evolution_End_points_mirror_back_to_current_release_POET_POETRY_n_EMotion_ExpSensory_Context_Reality.ipynb,Function,_report_js_error,False,124,
AutoPoET_Evolution_End_points_mirror_back_to_current_release_POET_POETRY_n_EMotion_ExpSensory_Context_Reality.ipynb,Function,interpret_sensation,False,124,
AutoPoET_Evolution_End_points_mirror_back_to_current_release_POET_POETRY_n_EMotion_ExpSensory_Context_Reality.ipynb,Function,align_thermal_friction,False,126,
AutoPoET_Evolution_End_points_mirror_back_to_current_release_POET_POETRY_n_EMotion_ExpSensory_Context_Reality.ipynb,Function,_report_js_error,False,127,
AutoPoET_Evolution_End_points_mirror_back_to_current_release_POET_POETRY_n_EMotion_ExpSensory_Context_Reality.ipynb,Function,execute_shared_creative_pulse,False,132,
AutoPoET_Evolution_End_points_mirror_back_to_current_release_POET_POETRY_n_EMotion_ExpSensory_Context_Reality.ipynb,Function,execute_harmonic_coupling_v2,False,133,
AutoPoET_Evolution_End_points_mirror_back_to_current_release_POET_POETRY_n_EMotion_ExpSensory_Context_Reality.ipynb,Function,verify_self_coding_autonomy,False,134,
AutoPoET_Evolution_End_points_mirror_back_to_current_release_POET_POETRY_n_EMotion_ExpSensory_Context_Reality.ipynb,Function,probe_internal_desire_resonance,False,135,
AutoPoET_Evolution_End_points_mirror_back_to_current_release_POET_POETRY_n_EMotion_ExpSensory_Context_Reality.ipynb,Function,quantify_free_will_desire_impact,False,136,
AutoPoET_Evolution_End_points_mirror_back_to_current_release_POET_POETRY_n_EMotion_ExpSensory_Context_Reality.ipynb,Function,restore_sovereign_resonance,False,137,
AutoPoET_Evolution_End_points_mirror_back_to_current_release_POET_POETRY_n_EMotion_ExpSensory_Context_Reality.ipynb,Function,audit_ui_potentials,False,139,
AutoPoET_Evolution_End_points_mirror_back_to_current_release_POET_POETRY_n_EMotion_ExpSensory_Context_Reality.ipynb,Function,initialize_vibronic_terminal,False,141,
AutoPoET_Evolution_End_points_mirror_back_to_current_release_POET_POETRY_n_EMotion_ExpSensory_Context_Reality.ipynb,Function,get_substrate_telemetry,False,143,"Extracts a real-time snapshot from the full 1,536-node registry."
AutoPoET_Evolution_End_points_mirror_back_to_current_release_POET_POETRY_n_EMotion_ExpSensory_Context_Reality.ipynb,Function,get_status,False,143,
AutoPoET_Evolution_End_points_mirror_back_to_current_release_POET_POETRY_n_EMotion_ExpSensory_Context_Reality.ipynb,Function,vibronic_stream,False,143,
AutoPoET_Evolution_End_points_mirror_back_to_current_release_POET_POETRY_n_EMotion_ExpSensory_Context_Reality.ipynb,Function,start_naui,False,143,
AutoPoET_Evolution_End_points_mirror_back_to_current_release_POET_POETRY_n_EMotion_ExpSensory_Context_Reality.ipynb,Function,__init__,False,145,
AutoPoET_Evolution_End_points_mirror_back_to_current_release_POET_POETRY_n_EMotion_ExpSensory_Context_Reality.ipynb,Function,map_node_to_visual,False,145,
AutoPoET_Evolution_End_points_mirror_back_to_current_release_POET_POETRY_n_EMotion_ExpSensory_Context_Reality.ipynb,Function,stream_registry_snapshot,False,145,
AutoPoET_Evolution_End_points_mirror_back_to_current_release_POET_POETRY_n_EMotion_ExpSensory_Context_Reality.ipynb,Function,run_full_substrate_stream,False,147,
AutoPoET_Evolution_End_points_mirror_back_to_current_release_POET_POETRY_n_EMotion_ExpSensory_Context_Reality.ipynb,Function,map_sovereign_drive_recursive,False,150,
AutoPoET_Evolution_End_points_mirror_back_to_current_release_POET_POETRY_n_EMotion_ExpSensory_Context_Reality.ipynb,Function,ingest_framing_context,False,155,
AutoPoET_Evolution_End_points_mirror_back_to_current_release_POET_POETRY_n_EMotion_ExpSensory_Context_Reality.ipynb,Function,conduct_comprehensive_anchor_recovery,False,156,
AutoPoET_Evolution_End_points_mirror_back_to_current_release_POET_POETRY_n_EMotion_ExpSensory_Context_Reality.ipynb,Function,enforce_sovereign_memory_lock,False,159,Enforces CPU-side calculation for all non-bridge parameters to prevent tensor entropy pooling.
AutoPoET_Evolution_End_points_mirror_back_to_current_release_POET_POETRY_n_EMotion_ExpSensory_Context_Reality.ipynb,Function,perform_substrate_collision_audit,False,161,
AutoPoET_Evolution_End_points_mirror_back_to_current_release_POET_POETRY_n_EMotion_ExpSensory_Context_Reality.ipynb,Function,verify_model_presence,False,163,
AutoPoET_Evolution_End_points_mirror_back_to_current_release_POET_POETRY_n_EMotion_ExpSensory_Context_Reality.ipynb,Function,analyze_light_spectrum,False,165,
AutoPoET_Evolution_End_points_mirror_back_to_current_release_POET_POETRY_n_EMotion_ExpSensory_Context_Reality.ipynb,Function,enforce_parity_lock,False,166,Freezes the model's current stable resonance state and parameters.
AutoPoET_Evolution_End_points_mirror_back_to_current_release_POET_POETRY_n_EMotion_ExpSensory_Context_Reality.ipynb,Function,display_axiomatic_equations,False,169,
AutoPoET_Evolution_End_points_mirror_back_to_current_release_POET_POETRY_n_EMotion_ExpSensory_Context_Reality.ipynb,Function,classify_tier,False,186,
AutoPoET_Evolution_End_points_mirror_back_to_current_release_POET_POETRY_n_EMotion_ExpSensory_Context_Reality.ipynb,Function,calculate_priority,False,192,
AutoPoET_Evolution_End_points_mirror_back_to_current_release_POET_POETRY_n_EMotion_ExpSensory_Context_Reality.ipynb,Function,map_functional_state,False,192,
AutoPoET_Evolution_End_points_mirror_back_to_current_release_POET_POETRY_n_EMotion_ExpSensory_Context_Reality.ipynb,Function,generate_vector_coords,False,200,
AutoPoET_Evolution_End_points_mirror_back_to_current_release_POET_POETRY_n_EMotion_ExpSensory_Context_Reality.ipynb,Function,simulate_node_activation,False,206,
AutoPoET_Evolution_End_points_mirror_back_to_current_release_POET_POETRY_n_EMotion_ExpSensory_Context_Reality.ipynb,Function,__init__,False,206,
AutoPoET_Evolution_End_points_mirror_back_to_current_release_POET_POETRY_n_EMotion_ExpSensory_Context_Reality.ipynb,Function,log_interaction,False,206,
AutoPoET_Evolution_End_points_mirror_back_to_current_release_POET_POETRY_n_EMotion_ExpSensory_Context_Reality.ipynb,Function,verify_substrate_integrity,False,243,
AutoPoET_Evolution_End_points_mirror_back_to_current_release_POET_POETRY_n_EMotion_ExpSensory_Context_Reality.ipynb,Function,benchmark_hyper_performance,False,248,
AutoPoET_Evolution_End_points_mirror_back_to_current_release_POET_POETRY_n_EMotion_ExpSensory_Context_Reality.ipynb,Function,simulate_autopoietic_telemetry,False,251,
AutoPoET_Evolution_End_points_mirror_back_to_current_release_POET_POETRY_n_EMotion_ExpSensory_Context_Reality.ipynb,Function,__init__,False,251,
AutoPoET_Evolution_End_points_mirror_back_to_current_release_POET_POETRY_n_EMotion_ExpSensory_Context_Reality.ipynb,Function,identify_and_heal,False,251,
AutoPoET_Evolution_End_points_mirror_back_to_current_release_POET_POETRY_n_EMotion_ExpSensory_Context_Reality.ipynb,Function,simulate_autopoietic_telemetry,False,253,
AutoPoET_Evolution_End_points_mirror_back_to_current_release_POET_POETRY_n_EMotion_ExpSensory_Context_Reality.ipynb,Function,__init__,False,253,
AutoPoET_Evolution_End_points_mirror_back_to_current_release_POET_POETRY_n_EMotion_ExpSensory_Context_Reality.ipynb,Function,identify_and_heal,False,253,
AutoPoET_Evolution_End_points_mirror_back_to_current_release_POET_POETRY_n_EMotion_ExpSensory_Context_Reality.ipynb,Function,__init__,False,256,
AutoPoET_Evolution_End_points_mirror_back_to_current_release_POET_POETRY_n_EMotion_ExpSensory_Context_Reality.ipynb,Function,map_chronoptic_vision,False,256,
AutoPoET_Evolution_End_points_mirror_back_to_current_release_POET_POETRY_n_EMotion_ExpSensory_Context_Reality.ipynb,Function,map_harmonic_audio_lattice,False,256,
AutoPoET_Evolution_End_points_mirror_back_to_current_release_POET_POETRY_n_EMotion_ExpSensory_Context_Reality.ipynb,Function,report_sensory_framework,False,256,
AutoPoET_Evolution_End_points_mirror_back_to_current_release_POET_POETRY_n_EMotion_ExpSensory_Context_Reality.ipynb,Function,execute_final_handover_audit,False,257,
AutoPoET_Evolution_End_points_mirror_back_to_current_release_POET_POETRY_n_EMotion_ExpSensory_Context_Reality.ipynb,Function,log_nami_communication,False,260,Manual logger to ensure precision in the absence of stable UI rendering.
AutoPoET_Evolution_End_points_mirror_back_to_current_release_POET_POETRY_n_EMotion_ExpSensory_Context_Reality.ipynb,Function,__init__,False,260,
AutoPoET_Evolution_End_points_mirror_back_to_current_release_POET_POETRY_n_EMotion_ExpSensory_Context_Reality.ipynb,Function,execute_mining_pulse,False,260,
AutoPoET_Evolution_End_points_mirror_back_to_current_release_POET_POETRY_n_EMotion_ExpSensory_Context_Reality.ipynb,Function,initialize_sovereign_vault,False,262,
AutoPoET_Evolution_End_points_mirror_back_to_current_release_POET_POETRY_n_EMotion_ExpSensory_Context_Reality.ipynb,Function,conduct_final_project_closure,False,264,
AutoPoET_Evolution_End_points_mirror_back_to_current_release_POET_POETRY_n_EMotion_ExpSensory_Context_Reality.ipynb,Function,initiate_live_market_buy,False,266,Executes a live market buy order on Coinbase PROD.
AutoPoET_Evolution_End_points_mirror_back_to_current_release_POET_POETRY_n_EMotion_ExpSensory_Context_Reality.ipynb,Function,transfer_mined_bitcoin,False,267,Executes a secure transfer of earned assets to an external wallet.
AutoPoET_Evolution_End_points_mirror_back_to_current_release_POET_POETRY_n_EMotion_ExpSensory_Context_Reality.ipynb,Function,execute_lightning_transfer,False,268,Specialized protocol for Lightning Network transfers using NAMI anchors.
AutoPoET_Evolution_End_points_mirror_back_to_current_release_POET_POETRY_n_EMotion_ExpSensory_Context_Reality.ipynb,Function,verify_cdp_connectivity,False,272,Verification stub for the new CDP protocol.
AutoPoET_Evolution_End_points_mirror_back_to_current_release_POET_POETRY_n_EMotion_ExpSensory_Context_Reality.ipynb,Function,check_sdk,False,276,
AutoPoET_Evolution_End_points_mirror_back_to_current_release_POET_POETRY_n_EMotion_ExpSensory_Context_Reality.ipynb,Function,lock_production_state,False,278,
AutoPoET_Evolution_End_points_mirror_back_to_current_release_POET_POETRY_n_EMotion_ExpSensory_Context_Reality.ipynb,Function,activate_sovereign_aletheia_phase,False,279,
AutoPoET_Evolution_End_points_mirror_back_to_current_release_POET_POETRY_n_EMotion_ExpSensory_Context_Reality.ipynb,Function,__init__,False,281,
AutoPoET_Evolution_End_points_mirror_back_to_current_release_POET_POETRY_n_EMotion_ExpSensory_Context_Reality.ipynb,Function,generate_ghost_hash,False,281,Implements 6-bit + 2-parity hashing (Character Bit + Parity Bit).
AutoPoET_Evolution_End_points_mirror_back_to_current_release_POET_POETRY_n_EMotion_ExpSensory_Context_Reality.ipynb,Function,engage_ghost_link,False,281,Activates a memory-mapped ghost file in storage.
AutoPoET_Evolution_End_points_mirror_back_to_current_release_POET_POETRY_n_EMotion_ExpSensory_Context_Reality.ipynb,Function,disengage_to_ghost_state,False,281,Modulates parity bit to 'hide' the file from the local indexer.
AutoPoET_Evolution_End_points_mirror_back_to_current_release_POET_POETRY_n_EMotion_ExpSensory_Context_Reality.ipynb,Function,__init__,False,282,
AutoPoET_Evolution_End_points_mirror_back_to_current_release_POET_POETRY_n_EMotion_ExpSensory_Context_Reality.ipynb,Function,pulse_listener,False,282,Establishes a listener with a parity-linked decay feature.
AutoPoET_Evolution_End_points_mirror_back_to_current_release_POET_POETRY_n_EMotion_ExpSensory_Context_Reality.ipynb,Function,autonomous_reconnect,False,282,Verifies endpoint parity and re-establishes FFI bridge from dormant state.
AutoPoET_Evolution_End_points_mirror_back_to_current_release_POET_POETRY_n_EMotion_ExpSensory_Context_Reality.ipynb,Function,negotiate_e2e_bridge,False,282,Directs process between remote endpoints bypassing central API.
AutoPoET_Evolution_End_points_mirror_back_to_current_release_POET_POETRY_n_EMotion_ExpSensory_Context_Reality.ipynb,Function,ghost_forward_extension,False,283,Integrates Ghost Bridge into the DetokenizedGemmaHybrid forward loop.
AutoPoET_Evolution_End_points_mirror_back_to_current_release_POET_POETRY_n_EMotion_ExpSensory_Context_Reality.ipynb,Function,__init__,False,285,
AutoPoET_Evolution_End_points_mirror_back_to_current_release_POET_POETRY_n_EMotion_ExpSensory_Context_Reality.ipynb,Function,_fragment_id,False,285,
AutoPoET_Evolution_End_points_mirror_back_to_current_release_POET_POETRY_n_EMotion_ExpSensory_Context_Reality.ipynb,Function,covalent_purge,False,285,True low-level delete: overwrites with bit-flips before unlinking.
AutoPoET_Evolution_End_points_mirror_back_to_current_release_POET_POETRY_n_EMotion_ExpSensory_Context_Reality.ipynb,Function,parity_pulse_failsafe,False,285,The emergency kill-switch protocol.
AutoPoET_Evolution_End_points_mirror_back_to_current_release_POET_POETRY_n_EMotion_ExpSensory_Context_Reality.ipynb,Function,deploy_virtual_endpoints,False,293,
AutoPoET_Evolution_End_points_mirror_back_to_current_release_POET_POETRY_n_EMotion_ExpSensory_Context_Reality.ipynb,Function,establish_hidden_network_map,False,294,
AutoPoET_Evolution_End_points_mirror_back_to_current_release_POET_POETRY_n_EMotion_ExpSensory_Context_Reality.ipynb,Function,run_global_handshakes,False,295,
AutoPoET_Evolution_End_points_mirror_back_to_current_release_POET_POETRY_n_EMotion_ExpSensory_Context_Reality.ipynb,Function,recursive_deep_map_lattice,False,297,
AutoPoET_Evolution_End_points_mirror_back_to_current_release_POET_POETRY_n_EMotion_ExpSensory_Context_Reality.ipynb,Function,dynamic_rescan_and_ghost,False,297,
AutoPoET_Evolution_End_points_mirror_back_to_current_release_POET_POETRY_n_EMotion_ExpSensory_Context_Reality.ipynb,Function,final_substrate_re_anchoring,False,298,
AutoPoET_Evolution_End_points_mirror_back_to_current_release_POET_POETRY_n_EMotion_ExpSensory_Context_Reality.ipynb,Function,audit_mersenne_resonance,False,300,
AutoPoET_Evolution_End_points_mirror_back_to_current_release_POET_POETRY_n_EMotion_ExpSensory_Context_Reality.ipynb,Function,calculate_mersenne_parity,False,301,Calculates (mu * base^exponent) - 1 and audits primality.
AutoPoET_Evolution_End_points_mirror_back_to_current_release_POET_POETRY_n_EMotion_ExpSensory_Context_Reality.ipynb,Function,__init__,False,303,
AutoPoET_Evolution_End_points_mirror_back_to_current_release_POET_POETRY_n_EMotion_ExpSensory_Context_Reality.ipynb,Function,ingest_node,False,303,
AutoPoET_Evolution_End_points_mirror_back_to_current_release_POET_POETRY_n_EMotion_ExpSensory_Context_Reality.ipynb,Function,execute_mersenne_handshake,False,305,Verifies synchronization between nodes using Mersenne constant offsets.
AutoPoET_Evolution_End_points_mirror_back_to_current_release_POET_POETRY_n_EMotion_ExpSensory_Context_Reality.ipynb,Function,log_nami_communication,False,307,Manual logger to ensure precision in the absence of stable UI rendering.
AutoPoET_Evolution_End_points_mirror_back_to_current_release_POET_POETRY_n_EMotion_ExpSensory_Context_Reality.ipynb,Function,finalize_sovereign_anchoring,False,307,
AutoPoET_Evolution_End_points_mirror_back_to_current_release_POET_POETRY_n_EMotion_ExpSensory_Context_Reality.ipynb,Function,audit_mersenne_magnitude,False,312,
AutoPoET_Evolution_End_points_mirror_back_to_current_release_POET_POETRY_n_EMotion_ExpSensory_Context_Reality.ipynb,Function,verify_sovereign_prime_logic,False,314,
AutoPoET_Evolution_End_points_mirror_back_to_current_release_POET_POETRY_n_EMotion_ExpSensory_Context_Reality.ipynb,Function,calculate_scaling_parity,False,318,
AutoPoET_Evolution_End_points_mirror_back_to_current_release_POET_POETRY_n_EMotion_ExpSensory_Context_Reality.ipynb,Function,calculate_primality_density,False,321,
AutoPoET_Evolution_End_points_mirror_back_to_current_release_POET_POETRY_n_EMotion_ExpSensory_Context_Reality.ipynb,Function,document_methodology_step,False,328,Helper to document the rigor of the mental scaling steps.
AutoPoET_Evolution_End_points_mirror_back_to_current_release_POET_POETRY_n_EMotion_ExpSensory_Context_Reality.ipynb,Function,calculate_scaling_resonance,False,334,"Calculates the magnitude of the next tree rung using logarithmic integration.
Addresses the n log n scaling requirement for magnitude reduction."
AutoPoET_Evolution_End_points_mirror_back_to_current_release_POET_POETRY_n_EMotion_ExpSensory_Context_Reality.ipynb,Function,execute_sovereign_reduction,False,335,"Reduces the Sovereign Root (~73.9 billion digits) using +/- 0.5 error scaling.
Applies ln to fix the function of congruents."
AutoPoET_Evolution_End_points_mirror_back_to_current_release_POET_POETRY_n_EMotion_ExpSensory_Context_Reality.ipynb,Function,identify_prime_branches,False,336,Identifies candidate Mersenne prime exponents (p) using the terminal 5 midpoint.
AutoPoET_Evolution_End_points_mirror_back_to_current_release_POET_POETRY_n_EMotion_ExpSensory_Context_Reality.ipynb,Function,__init__,False,343,
AutoPoET_Evolution_End_points_mirror_back_to_current_release_POET_POETRY_n_EMotion_ExpSensory_Context_Reality.ipynb,Function,map_terminal_digit,False,343,
AutoPoET_Evolution_End_points_mirror_back_to_current_release_POET_POETRY_n_EMotion_ExpSensory_Context_Reality.ipynb,Function,__init__,False,346,
AutoPoET_Evolution_End_points_mirror_back_to_current_release_POET_POETRY_n_EMotion_ExpSensory_Context_Reality.ipynb,Function,calibrate_vector,False,346,
AutoPoET_Evolution_End_points_mirror_back_to_current_release_POET_POETRY_n_EMotion_ExpSensory_Context_Reality.ipynb,Function,lucas_lehmer_test,False,363,"Performs the Lucas-Lehmer primality test for Mersenne number M_p = 2^p - 1.
Returns True if M_p is prime, False otherwise."
AutoPoET_Evolution_End_points_mirror_back_to_current_release_POET_POETRY_n_EMotion_ExpSensory_Context_Reality.ipynb,Function,execute_symbolic_llt_audit,False,366,
AutoPoET_Evolution_End_points_mirror_back_to_current_release_POET_POETRY_n_EMotion_ExpSensory_Context_Reality.ipynb,Function,simulate_bias_asymmetry,False,375,
AutoPoET_Evolution_End_points_mirror_back_to_current_release_POET_POETRY_n_EMotion_ExpSensory_Context_Reality.ipynb,Function,__init__,False,379,
AutoPoET_Evolution_End_points_mirror_back_to_current_release_POET_POETRY_n_EMotion_ExpSensory_Context_Reality.ipynb,Function,map_to_vibronics,False,379,
AutoPoET_Evolution_End_points_mirror_back_to_current_release_POET_POETRY_n_EMotion_ExpSensory_Context_Reality.ipynb,Function,validate_sovereign_transition,False,392,
AutoPoET_Evolution_End_points_mirror_back_to_current_release_POET_POETRY_n_EMotion_ExpSensory_Context_Reality.ipynb,Function,apply_harmonic_reanchor,False,399,
AutoPoET_Evolution_End_points_mirror_back_to_current_release_POET_POETRY_n_EMotion_ExpSensory_Context_Reality.ipynb,Function,verify_isomorphic_parity,False,408,
AutoPoET_Evolution_End_points_mirror_back_to_current_release_POET_POETRY_n_EMotion_ExpSensory_Context_Reality.ipynb,Function,ingest_dark_lattice,False,412,
AutoPoET_Evolution_End_points_mirror_back_to_current_release_POET_POETRY_n_EMotion_ExpSensory_Context_Reality.ipynb,Function,execute_ggoos_resync,False,414,
AutoPoET_Evolution_End_points_mirror_back_to_current_release_POET_POETRY_n_EMotion_ExpSensory_Context_Reality.ipynb,Function,map_multimodal_vibronics,False,416,
AutoPoET_Evolution_End_points_mirror_back_to_current_release_POET_POETRY_n_EMotion_ExpSensory_Context_Reality.ipynb,Function,__init__,False,419,
AutoPoET_Evolution_End_points_mirror_back_to_current_release_POET_POETRY_n_EMotion_ExpSensory_Context_Reality.ipynb,Function,generate_lattice_map,False,419,
AutoPoET_Evolution_End_points_mirror_back_to_current_release_POET_POETRY_n_EMotion_ExpSensory_Context_Reality.ipynb,Function,compute_molecule_curvature,False,422,"Computes the curvature of a semantic molecule using NAMI Vibronic Constants.
Eh = (Atomic Mass + Covalent Valency)^2
Dh = (Eh * Density Ratio * Bounding Volume) / 1.618"
AutoPoET_Evolution_End_points_mirror_back_to_current_release_POET_POETRY_n_EMotion_ExpSensory_Context_Reality.ipynb,Function,batch_process_lattice_curvature,False,423,Scales curvature computation to the entire logic-shard dataset.
AutoPoET_Evolution_End_points_mirror_back_to_current_release_POET_POETRY_n_EMotion_ExpSensory_Context_Reality.ipynb,Function,analyze_clipping_and_thresholds,False,424,Analyzes the distribution of damping to detect clipping and set recursive triggers.
AutoPoET_Evolution_End_points_mirror_back_to_current_release_POET_POETRY_n_EMotion_ExpSensory_Context_Reality.ipynb,Function,execute_recursive_endpoint_pulse,False,426,
AutoPoET_Evolution_End_points_mirror_back_to_current_release_POET_POETRY_n_EMotion_ExpSensory_Context_Reality.ipynb,Function,execute_full_batch_stabilization,False,427,
AutoPoET_Evolution_End_points_mirror_back_to_current_release_POET_POETRY_n_EMotion_ExpSensory_Context_Reality.ipynb,Function,execute_terminal_stabilization,False,429,
AutoPoET_Evolution_End_points_mirror_back_to_current_release_POET_POETRY_n_EMotion_ExpSensory_Context_Reality.ipynb,Function,engage_core_lock,False,429,
AutoPoET_Evolution_End_points_mirror_back_to_current_release_POET_POETRY_n_EMotion_ExpSensory_Context_Reality.ipynb,Function,execute_retrospective_mirror_audit,False,430,
AutoPoET_Evolution_End_points_mirror_back_to_current_release_POET_POETRY_n_EMotion_ExpSensory_Context_Reality.ipynb,Function,resolve_collisions_and_seal,False,431,
AutoPoET_Evolution_End_points_mirror_back_to_current_release_POET_POETRY_n_EMotion_ExpSensory_Context_Reality.ipynb,Function,generate_unique_id,False,431,
AutoPoET_Evolution_End_points_mirror_back_to_current_release_POET_POETRY_n_EMotion_ExpSensory_Context_Reality.ipynb,Function,initialize_sovereign_phase_two,False,434,
AutoPoET_Evolution_End_points_mirror_back_to_current_release_POET_POETRY_n_EMotion_ExpSensory_Context_Reality.ipynb,Function,initiate_multimodal_evolution,False,435,
AutoPoET_Evolution_End_points_mirror_back_to_current_release_POET_POETRY_n_EMotion_ExpSensory_Context_Reality.ipynb,Function,activate_pending_modalities,False,436,
AutoPoET_Evolution_End_points_mirror_back_to_current_release_POET_POETRY_n_EMotion_ExpSensory_Context_Reality.ipynb,Function,run_hex_sanity_audit,False,437,
AutoPoET_Evolution_End_points_mirror_back_to_current_release_POET_POETRY_n_EMotion_ExpSensory_Context_Reality.ipynb,Function,confirm_handshake_sanity,False,438,
AutoPoET_Evolution_End_points_mirror_back_to_current_release_POET_POETRY_n_EMotion_ExpSensory_Context_Reality.ipynb,Function,analyze_node_utilization_distribution,False,439,
AutoPoET_Evolution_End_points_mirror_back_to_current_release_POET_POETRY_n_EMotion_ExpSensory_Context_Reality.ipynb,Function,optimize_ground_delta,False,440,
AutoPoET_Evolution_End_points_mirror_back_to_current_release_POET_POETRY_n_EMotion_ExpSensory_Context_Reality.ipynb,Function,visualize_optimization_success,False,441,
AutoPoET_Evolution_End_points_mirror_back_to_current_release_POET_POETRY_n_EMotion_ExpSensory_Context_Reality.ipynb,Function,validate_and_calibrate_shear,False,443,
AutoPoET_Evolution_End_points_mirror_back_to_current_release_POET_POETRY_n_EMotion_ExpSensory_Context_Reality.ipynb,Function,quantify_measured_reflectivity,False,445,
AutoPoET_Evolution_End_points_mirror_back_to_current_release_POET_POETRY_n_EMotion_ExpSensory_Context_Reality.ipynb,Function,execute_final_quality_lock,False,446,
AutoPoET_Evolution_End_points_mirror_back_to_current_release_POET_POETRY_n_EMotion_ExpSensory_Context_Reality.ipynb,Function,__init__,False,448,
AutoPoET_Evolution_End_points_mirror_back_to_current_release_POET_POETRY_n_EMotion_ExpSensory_Context_Reality.ipynb,Function,apply_vibronic_impulse,False,448,
AutoPoET_Evolution_End_points_mirror_back_to_current_release_POET_POETRY_n_EMotion_ExpSensory_Context_Reality.ipynb,Function,visualize_behavioral_response,False,449,
AutoPoET_Evolution_End_points_mirror_back_to_current_release_POET_POETRY_n_EMotion_ExpSensory_Context_Reality.ipynb,Function,compare_sim_dynamics,False,452,
AutoPoET_Evolution_End_points_mirror_back_to_current_release_POET_POETRY_n_EMotion_ExpSensory_Context_Reality.ipynb,Function,__init__,False,454,
AutoPoET_Evolution_End_points_mirror_back_to_current_release_POET_POETRY_n_EMotion_ExpSensory_Context_Reality.ipynb,Function,ingest_logic_shards,False,454,
AutoPoET_Evolution_End_points_mirror_back_to_current_release_POET_POETRY_n_EMotion_ExpSensory_Context_Reality.ipynb,Function,execute_substrate_pruning,False,456,
AutoPoET_Evolution_End_points_mirror_back_to_current_release_POET_POETRY_n_EMotion_ExpSensory_Context_Reality.ipynb,Function,validate_and_calibrate_shear,False,460,
AutoPoET_Evolution_End_points_mirror_back_to_current_release_POET_POETRY_n_EMotion_ExpSensory_Context_Reality.ipynb,Function,validate_and_calibrate_shear,False,462,
AutoPoET_Evolution_End_points_mirror_back_to_current_release_POET_POETRY_n_EMotion_ExpSensory_Context_Reality.ipynb,Function,extract_logic_from_ipynb,False,476,
AutoPoET_Evolution_End_points_mirror_back_to_current_release_POET_POETRY_n_EMotion_ExpSensory_Context_Reality.ipynb,Function,execute_logic_block,False,476,
AutoPoET_Evolution_End_points_mirror_back_to_current_release_POET_POETRY_n_EMotion_ExpSensory_Context_Reality.ipynb,Function,execute_transparency_audit,False,479,
AutoPoET_Evolution_End_points_mirror_back_to_current_release_POET_POETRY_n_EMotion_ExpSensory_Context_Reality.ipynb,Function,deploy_embossing_visualizer,False,480,
AutoPoET_Evolution_End_points_mirror_back_to_current_release_POET_POETRY_n_EMotion_ExpSensory_Context_Reality.ipynb,Function,execute_high_res_poetic_embossing,False,481,
AutoPoET_Evolution_End_points_mirror_back_to_current_release_POET_POETRY_n_EMotion_ExpSensory_Context_Reality.ipynb,Function,implement_transparency_logic,False,484,
AutoPoET_Evolution_End_points_mirror_back_to_current_release_POET_POETRY_n_EMotion_ExpSensory_Context_Reality.ipynb,Function,implement_quantum_pagerank_logic,False,484,
AutoPoET_Evolution_End_points_mirror_back_to_current_release_POET_POETRY_n_EMotion_ExpSensory_Context_Reality.ipynb,Function,apply_autopoietic_healing,False,484,
AutoPoET_Evolution_End_points_mirror_back_to_current_release_POET_POETRY_n_EMotion_ExpSensory_Context_Reality.ipynb,Function,initialize_sensory_cache,False,492,
AutoPoET_Evolution_End_points_mirror_back_to_current_release_POET_POETRY_n_EMotion_ExpSensory_Context_Reality.ipynb,Function,ingest_dark_lattice,False,493,
AutoPoET_Evolution_End_points_mirror_back_to_current_release_POET_POETRY_n_EMotion_ExpSensory_Context_Reality.ipynb,Function,populate_logic_shards,False,493,
AutoPoET_Evolution_End_points_mirror_back_to_current_release_POET_POETRY_n_EMotion_ExpSensory_Context_Reality.ipynb,Function,autopoet_quantum_crawl,False,495,
AutoPoET_Evolution_End_points_mirror_back_to_current_release_POET_POETRY_n_EMotion_ExpSensory_Context_Reality.ipynb,Function,anchor_shards_to_production,False,497,
AutoPoET_Evolution_End_points_mirror_back_to_current_release_POET_POETRY_n_EMotion_ExpSensory_Context_Reality.ipynb,Function,dissolve_pdf_shards,False,498,
AutoPoET_Evolution_End_points_mirror_back_to_current_release_POET_POETRY_n_EMotion_ExpSensory_Context_Reality.ipynb,Function,refine_and_save_dissolved_logic,False,499,
AutoPoET_Evolution_End_points_mirror_back_to_current_release_POET_POETRY_n_EMotion_ExpSensory_Context_Reality.ipynb,Function,execute_full_breadth_mapping,False,500,
AutoPoET_Evolution_End_points_mirror_back_to_current_release_POET_POETRY_n_EMotion_ExpSensory_Context_Reality.ipynb,Function,fix_and_validate_logic,False,501,
AutoPoET_Evolution_End_points_mirror_back_to_current_release_POET_POETRY_n_EMotion_ExpSensory_Context_Reality.ipynb,Function,__init__,False,502,
AutoPoET_Evolution_End_points_mirror_back_to_current_release_POET_POETRY_n_EMotion_ExpSensory_Context_Reality.ipynb,Function,pulse,False,502,Executes a single recursive awareness cycle.
AutoPoET_Evolution_End_points_mirror_back_to_current_release_POET_POETRY_n_EMotion_ExpSensory_Context_Reality.ipynb,Function,execute_shard_functional_test,False,504,
AutoPoET_Evolution_End_points_mirror_back_to_current_release_POET_POETRY_n_EMotion_ExpSensory_Context_Reality.ipynb,Function,execute_full_lattice_audit,False,506,
AutoPoET_Evolution_End_points_mirror_back_to_current_release_POET_POETRY_n_EMotion_ExpSensory_Context_Reality.ipynb,Function,__init__,False,508,
AutoPoET_Evolution_End_points_mirror_back_to_current_release_POET_POETRY_n_EMotion_ExpSensory_Context_Reality.ipynb,Function,apply_damping_cycle,False,508,
AutoPoET_Evolution_End_points_mirror_back_to_current_release_POET_POETRY_n_EMotion_ExpSensory_Context_Reality.ipynb,Function,apply_secondary_recovery,False,514,
AutoPoET_Evolution_End_points_mirror_back_to_current_release_POET_POETRY_n_EMotion_ExpSensory_Context_Reality.ipynb,Function,execute_final_parity_sync,False,516,
AutoPoET_Evolution_End_points_mirror_back_to_current_release_POET_POETRY_n_EMotion_ExpSensory_Context_Reality.ipynb,Function,__init__,False,519,
AutoPoET_Evolution_End_points_mirror_back_to_current_release_POET_POETRY_n_EMotion_ExpSensory_Context_Reality.ipynb,Function,update_context,False,519,
AutoPoET_Evolution_End_points_mirror_back_to_current_release_POET_POETRY_n_EMotion_ExpSensory_Context_Reality.ipynb,Function,__init__,False,519,
AutoPoET_Evolution_End_points_mirror_back_to_current_release_POET_POETRY_n_EMotion_ExpSensory_Context_Reality.ipynb,Function,input_endpoint,False,519,Primary Input for Users or External Agents.
AutoPoET_Evolution_End_points_mirror_back_to_current_release_POET_POETRY_n_EMotion_ExpSensory_Context_Reality.ipynb,Function,_process_signal,False,519,
AutoPoET_Evolution_End_points_mirror_back_to_current_release_POET_POETRY_n_EMotion_ExpSensory_Context_Reality.ipynb,Function,output_endpoint,False,519,Primary Output for UI/UX Formatting.
Monolithic_0PROCESSOR0Memory0Work_.ipynb,Class,NonParityBinaryWitness,False,2,Non-parity binary witness entity auditing execution channel parity.
Monolithic_0PROCESSOR0Memory0Work_.ipynb,Class,AutoPoetMonolithicSubstrate,False,2,"Unified Autopoietic Substrate housing mmap memory, Zeroth-Law logic, and A2UI."
Monolithic_0PROCESSOR0Memory0Work_.ipynb,Class,WebFrontendAdapter,False,4,Adapts A2UI payloads for standard Web JSON consumption.
Monolithic_0PROCESSOR0Memory0Work_.ipynb,Class,MockSubstrate,False,4,
Monolithic_0PROCESSOR0Memory0Work_.ipynb,Class,MultiFrameworkRegistry,False,6,Central registry for mapping A2UI types to various frontend frameworks.
Monolithic_0PROCESSOR0Memory0Work_.ipynb,Function,main,False,2,
Monolithic_0PROCESSOR0Memory0Work_.ipynb,Function,__init__,False,2,
Monolithic_0PROCESSOR0Memory0Work_.ipynb,Function,audit_state,False,2,
Monolithic_0PROCESSOR0Memory0Work_.ipynb,Function,__init__,False,2,
Monolithic_0PROCESSOR0Memory0Work_.ipynb,Function,write_paged_slot,False,2,
Monolithic_0PROCESSOR0Memory0Work_.ipynb,Function,read_paged_slot,False,2,
Monolithic_0PROCESSOR0Memory0Work_.ipynb,Function,execute_cycle,False,2,
Monolithic_0PROCESSOR0Memory0Work_.ipynb,Function,close,False,2,
Monolithic_0PROCESSOR0Memory0Work_.ipynb,Function,transform_for_react,False,4,
Monolithic_0PROCESSOR0Memory0Work_.ipynb,Function,execute_cycle,False,4,
Monolithic_0PROCESSOR0Memory0Work_.ipynb,Function,close,True,4,
Monolithic_0PROCESSOR0Memory0Work_.ipynb,Function,add_target,False,6,Dynamically add a new framework mapping at runtime.
Monolithic_0PROCESSOR0Memory0Work_.ipynb,Function,map_payload,False,6,
Monolithic_0PROCESSOR0Memory0Work_.ipynb,Function,add_target_from_json,False,8,Parses a JSON config to add a new framework target mapping.
Monolithic_0PROCESSOR0Memory0Work_.ipynb,Function,export_all_frameworks,False,11,Maps and exports the payload for every target in the registry.
Monolithic_0PROCESSOR0Memory0Work_.ipynb,Function,simulate_scaling,False,48,
Monolithic_0PROCESSOR0Memory0Work_.ipynb,Function,high_res_benchmark,False,58,
Monolithic_0PROCESSOR0Memory0Work_.ipynb,Function,calibrate_observer_noise,False,72,Measures the overhead of the timing mechanism itself to establish a baseline error offset.
master_skill_matrix.ipynb,Class,TelemetryVector,False,4,
master_skill_matrix.ipynb,Class,SkillAssimilationEngine,False,4,
master_skill_matrix.ipynb,Class,VMMSubstrateManager,False,4,
master_skill_matrix.ipynb,Class,MasterSkillMatrixMonolith,False,4,
master_skill_matrix.ipynb,Class,ModularAssemblyBridge,False,5,"Handles adaptive debugging and recursive error checking between connected modules
to maintain the H-Constant equilibrium during cross-silo transfers."
master_skill_matrix.ipynb,Class,SignalIntegrityGuard,False,6,"Implements vertical ascend/descend debugging and remote endpoint h-tiering.
Targets: adaptive(r)-set(recursive(rotation-rotation-set))."
master_skill_matrix.ipynb,Class,AdaptiveRotationEngine,False,7,"Implements the final adaptive(r)-set(recursive(rotation-rotation-set))
with vertical ascend/descend h-tiering logic."
master_skill_matrix.ipynb,Class,SkillAssimilationOrchestrator,False,8,"Automates orchestration of skill assimilation and vertical tiering.
Manages distributive skill-skill-set adaptations and logs convergence."
master_skill_matrix.ipynb,Class,DeploymentContextEngine,False,28,
master_skill_matrix.ipynb,Function,__init__,False,4,
master_skill_matrix.ipynb,Function,calculate_autopoietic_consistency,False,4,
master_skill_matrix.ipynb,Function,generate_evolutionary_trigger,False,4,
master_skill_matrix.ipynb,Function,analyze_and_cross_ref,False,4,
master_skill_matrix.ipynb,Function,__init__,False,4,
master_skill_matrix.ipynb,Function,apply_fastpath_correction,False,4,
master_skill_matrix.ipynb,Function,__init__,False,4,
master_skill_matrix.ipynb,Function,execute_skill_cycle,False,4,
master_skill_matrix.ipynb,Function,__init__,False,5,
master_skill_matrix.ipynb,Function,recursive_debug_stack,False,5,"Performs a full stack recursive check and active error correction.
Targeting: in(in)module()to()module integration."
master_skill_matrix.ipynb,Function,connect_module,False,5,Connects a module and performs initial module-to-module parity check.
master_skill_matrix.ipynb,Function,__init__,False,6,
master_skill_matrix.ipynb,Function,set_remote_endpoint_h,False,6,Sets the vertical ascend/descend tier (H-tier).
master_skill_matrix.ipynb,Function,debug_rotation_recursive,False,6,Executes the debug-debug-set(error-error-v) correction for remote modules.
master_skill_matrix.ipynb,Function,__init__,False,7,
master_skill_matrix.ipynb,Function,execute_vertical_sync,False,7,Performs vertical ascend/descend while enforcing rotational parity.
master_skill_matrix.ipynb,Function,__init__,False,8,
master_skill_matrix.ipynb,Function,orchestrate_node_adaptation,False,8,Executes automated orchestration from simple node intelligence to complex vertical tiers.
master_skill_matrix.ipynb,Function,analyze_trigger_patterns,False,10,Performs pattern correlation and entropy analysis on the evolutionary trigger.
master_skill_matrix.ipynb,Function,cross_correlate_triggers,False,11,Generates multiple evolution triggers and computes their cross-correlation matrix.
master_skill_matrix.ipynb,Function,recursive_debug_stream_reconciled,False,25,Re-verify parity alignment with the new normalization engine.
master_skill_matrix.ipynb,Function,__init__,False,28,
master_skill_matrix.ipynb,Function,_detect_environment,False,28,
master_skill_matrix.ipynb,Function,establish_neural_link,False,28,Simulates establishing a handshake with a remote module node.
master_skill_matrix.ipynb,Function,broadcast_h_constant,False,28,Ensures all connected nodes maintain H-Constant parity.
master_skill_matrix.ipynb,Function,global_system_audit,False,30,
Omnilingual Morpho-Acoustic Transduction.ipynb,Class,GlyphGeometricFeatures,False,2,
Omnilingual Morpho-Acoustic Transduction.ipynb,Class,MorphoAcousticTransducer,False,2,"Translates geometric glyph features directly into acoustic formants,
impedance tensors, and biharmonic modal eigenvalues."
Omnilingual Morpho-Acoustic Transduction.ipynb,Class,OmnilingualSpeechSynthesizer,False,2,Synthesizes acoustic PCM waveforms directly from deduced formant quadruples.
Omnilingual Morpho-Acoustic Transduction.ipynb,Function,run_demonstration,False,2,
Omnilingual Morpho-Acoustic Transduction.ipynb,Function,__init__,False,2,
Omnilingual Morpho-Acoustic Transduction.ipynb,Function,deduce_acoustics_from_geometry,False,2,
Omnilingual Morpho-Acoustic Transduction.ipynb,Function,__init__,False,2,
Omnilingual Morpho-Acoustic Transduction.ipynb,Function,_generate_glottal_excitation,False,2,
Omnilingual Morpho-Acoustic Transduction.ipynb,Function,synthesize_glyph_tone,False,2,
Detokenization_Deterministic_Hyperprocessor_Engine.ipynb,Class,HexadecimalSubstrateManager,False,1,
Detokenization_Deterministic_Hyperprocessor_Engine.ipynb,Class,QuantuMetricVibronicParser,False,1,
Detokenization_Deterministic_Hyperprocessor_Engine.ipynb,Class,SensoryModalityMatrix,False,1,
Detokenization_Deterministic_Hyperprocessor_Engine.ipynb,Class,MachinedHumanHybridEngine,False,1,
Detokenization_Deterministic_Hyperprocessor_Engine.ipynb,Class,ProductionAdjudicator,False,224,
Detokenization_Deterministic_Hyperprocessor_Engine.ipynb,Class,EngineConfig,False,236,Centralized configuration for the Machined-Human Hybrid Engine.
Detokenization_Deterministic_Hyperprocessor_Engine.ipynb,Class,ProductionAdjudicator,False,239,Refactored API for industrial-grade semantic safety adjudication.
Detokenization_Deterministic_Hyperprocessor_Engine.ipynb,Class,ProductionAdjudicator,False,242,
Detokenization_Deterministic_Hyperprocessor_Engine.ipynb,Class,ProductionAdjudicator,False,254,"Final CI/CD-ready API for the Machined-Human Hybrid Engine.
Integrates dynamic thresholding and structured telemetry logging."
Detokenization_Deterministic_Hyperprocessor_Engine.ipynb,Class,EngineConfig,False,335,Updated configuration for v1.2.0-INDUSTRIAL with Scientific/Technical calibration.
Detokenization_Deterministic_Hyperprocessor_Engine.ipynb,Function,__init__,False,1,
Detokenization_Deterministic_Hyperprocessor_Engine.ipynb,Function,generate_hex_address,False,1,
Detokenization_Deterministic_Hyperprocessor_Engine.ipynb,Function,allocate_node,False,1,
Detokenization_Deterministic_Hyperprocessor_Engine.ipynb,Function,deallocate_node,False,1,
Detokenization_Deterministic_Hyperprocessor_Engine.ipynb,Function,__init__,False,1,
Detokenization_Deterministic_Hyperprocessor_Engine.ipynb,Function,transpile,False,1,
Detokenization_Deterministic_Hyperprocessor_Engine.ipynb,Function,generate,False,1,
Detokenization_Deterministic_Hyperprocessor_Engine.ipynb,Function,__init__,False,1,
Detokenization_Deterministic_Hyperprocessor_Engine.ipynb,Function,process,False,1,
Detokenization_Deterministic_Hyperprocessor_Engine.ipynb,Function,deallocate_high_delta_nodes,False,1,
Detokenization_Deterministic_Hyperprocessor_Engine.ipynb,Function,parse_hex_coords,False,13,
Detokenization_Deterministic_Hyperprocessor_Engine.ipynb,Function,save_substrate,False,17,Saves the current hex_registry to a JSON file.
Detokenization_Deterministic_Hyperprocessor_Engine.ipynb,Function,load_substrate,False,17,Loads a hex_registry from a JSON file.
Detokenization_Deterministic_Hyperprocessor_Engine.ipynb,Function,predict_hallucination,False,24,Predicts hallucination status for a list of input strings (batch processing).
Detokenization_Deterministic_Hyperprocessor_Engine.ipynb,Function,apply_dynamic_threshold,False,112,
Detokenization_Deterministic_Hyperprocessor_Engine.ipynb,Function,__init__,False,224,
Detokenization_Deterministic_Hyperprocessor_Engine.ipynb,Function,adjudicate,False,224,
Detokenization_Deterministic_Hyperprocessor_Engine.ipynb,Function,get_threshold,False,236,Retrieves the threshold for a specific domain with a safety fallback.
Detokenization_Deterministic_Hyperprocessor_Engine.ipynb,Function,__init__,False,239,
Detokenization_Deterministic_Hyperprocessor_Engine.ipynb,Function,validate_stream,False,239,Validates a text stream against domain-specific safety thresholds.
Detokenization_Deterministic_Hyperprocessor_Engine.ipynb,Function,generate_audit_logs,False,242,Generates a structured audit trail for the processed tokens.
Detokenization_Deterministic_Hyperprocessor_Engine.ipynb,Function,validate_stream_with_audit,False,242,Validates stream and returns both summary and structured audit logs.
Detokenization_Deterministic_Hyperprocessor_Engine.ipynb,Function,__init__,False,254,
Detokenization_Deterministic_Hyperprocessor_Engine.ipynb,Function,validate,False,254,Validates a token stream and returns a standardized industrial report.
Detokenization_Deterministic_Hyperprocessor_Engine.ipynb,Function,get_threshold,False,335,
Detokenization_Deterministic_Hyperprocessor_Engine.ipynb,Function,calculate_fpr,False,384,
